start,end,resid,pct_disallowed,mean_rama_distance
0,50,0,,
0,50,1,86.0,1.859078985452652
0,50,2,78.0,1.3715428107976912
0,50,3,62.0,1.0922165781259536
0,50,4,30.000000000000004,0.765746619105339
0,50,5,86.0,1.6834853547811508
0,50,6,98.0,2.274348123073578
0,50,7,46.0,1.1092754712700843
0,50,8,88.0,1.9681860983371735
0,50,9,92.0,1.8086711102724076
0,50,10,96.0,2.6825537168979645
0,50,11,72.0,1.4316919708251954
0,50,12,64.0,1.2088570811226964
0,50,13,86.0,1.6335126602649688
0,50,14,42.00000000000001,0.8955876411497593
0,50,15,64.0,1.3221371147036551
0,50,16,54.0,1.1611632263660432
0,50,17,88.0,2.007807548046112
0,50,18,68.0,1.2730927056074142
0,50,19,88.0,1.7820517146587371
0,50,20,100.0,2.6856611609458922
0,50,21,100.0,2.2102219915390013
0,50,22,19.999999999999996,0.705537870824337
0,50,23,21.999999999999996,0.6951637546345592
0,50,24,31.999999999999996,0.7672895938158035
0,50,25,6.000000000000005,0.4931183221563697
0,50,26,7.9999999999999964,0.4892525814473629
0,50,27,16.000000000000004,0.6441248336434364
0,50,28,34.0,0.8311013773083686
0,50,29,30.000000000000004,0.7058639132976532
0,50,30,12.0,0.5687754219770431
0,50,31,38.0,0.9271494880318641
0,50,32,80.0,1.5902782046794892
0,50,33,98.0,2.7709426462650297
0,50,34,86.0,1.5771966147422791
0,50,35,100.0,3.199173331260681
0,50,36,100.0,3.609773817062378
0,50,37,42.00000000000001,1.038758084475994
0,50,38,52.0,1.1510615721344948
0,50,39,74.0,1.5582781273126602
0,50,40,100.0,2.4686777710914614
0,50,41,46.0,1.0425574940443039
0,50,42,78.0,1.4342384359240532
0,50,43,28.000000000000004,0.7501779103279114
0,50,44,19.999999999999996,0.6760611547529698
0,50,45,36.0,0.9776094987988472
0,50,46,84.0,1.5376678323745727
0,50,47,64.0,1.3227191680669785
0,50,48,100.0,2.532376222610474
0,50,49,98.0,2.010161279439926
0,50,50,76.0,1.6976212471723557
0,50,51,31.999999999999996,0.8573249742388726
0,50,52,65.99999999999999,1.3433822858333588
0,50,53,80.0,1.8212199699878693
0,50,54,94.0,2.0854270577430727
0,50,55,7.9999999999999964,0.6620208242535591
0,50,56,30.000000000000004,0.8419712334871292
0,50,57,30.000000000000004,0.848750793337822
0,50,58,100.0,2.0169858837127688
0,50,59,19.999999999999996,0.7283339169621468
0,50,60,96.0,2.4701683747768404
0,50,61,100.0,2.0705748462677
0,50,62,100.0,3.2025948476791384
0,50,63,78.0,1.5069818150997163
0,50,64,100.0,2.8103029108047486
0,50,65,62.0,1.2380456647276878
0,50,66,98.0,1.9404104673862457
0,50,67,48.0,1.0817645040154458
0,50,68,78.0,1.6125030273199081
0,50,69,68.0,1.3405690109729766
0,50,70,88.0,1.96848137319088
0,50,71,90.0,2.185954104065895
0,50,72,82.0,2.1162637281417847
0,50,73,80.0,2.028119198679924
0,50,74,98.0,2.231823831796646
0,50,75,,
25,75,0,,
25,75,1,84.0,1.8665690675377846
25,75,2,88.0,1.4296225798130036
25,75,3,54.0,1.126031687259674
25,75,4,28.000000000000004,0.7898833060264587
25,75,5,78.0,1.6190449851751327
25,75,6,98.0,2.3466092869639397
25,75,7,38.0,0.9922890228033066
25,75,8,92.0,1.9392801821231842
25,75,9,90.0,1.7748535454273224
25,75,10,98.0,2.7757812893390654
25,75,11,72.0,1.3721450862288476
25,75,12,54.0,1.163326318860054
25,75,13,80.0,1.5198381209373475
25,75,14,38.0,0.9031238853931427
25,75,15,60.0,1.30476133197546
25,75,16,70.0,1.268840805888176
25,75,17,90.0,1.845679090321064
25,75,18,70.0,1.2856244745850562
25,75,19,88.0,1.6339014428853988
25,75,20,100.0,2.7105593204498293
25,75,21,100.0,2.1913429951667784
25,75,22,19.999999999999996,0.7074394044280052
25,75,23,19.999999999999996,0.6680375322699547
25,75,24,34.0,0.7994311861693859
25,75,25,9.999999999999998,0.5676939805969596
25,75,26,9.999999999999998,0.5525315141677857
25,75,27,18.000000000000004,0.6674179129302502
25,75,28,28.000000000000004,0.7942970284819603
25,75,29,18.000000000000004,0.6368956843018532
25,75,30,16.000000000000004,0.6293720525503158
25,75,31,30.000000000000004,0.8804762914776803
25,75,32,74.0,1.4051789140701294
25,75,33,98.0,2.6966787588596346
25,75,34,88.0,1.5582510340213775
25,75,35,100.0,3.2313540101051332
25,75,36,100.0,3.692686023712158
25,75,37,42.00000000000001,0.9381003530323505
25,75,38,50.0,1.1314386726915837
25,75,39,70.0,1.583149197101593
25,75,40,96.0,2.5006113052368164
25,75,41,48.0,1.0515185791254043
25,75,42,60.0,1.2692633438110352
25,75,43,31.999999999999996,0.8122643041610718
25,75,44,26.0,0.7575024916231632
25,75,45,38.0,0.8965036380290985
25,75,46,84.0,1.529317625463009
25,75,47,62.0,1.3149695751070976
25,75,48,100.0,2.5429413747787475
25,75,49,92.0,2.0103597152233124
25,75,50,72.0,1.5740003621578216
25,75,51,28.000000000000004,0.7869486491382122
25,75,52,76.0,1.3693295454978942
25,75,53,84.0,1.869398158788681
25,75,54,96.0,2.010293878316879
25,75,55,9.999999999999998,0.6150866328179836
25,75,56,38.0,0.8393775390088558
25,75,57,40.0,0.8828874382376671
25,75,58,96.0,2.0739292526245117
25,75,59,16.000000000000004,0.7065124508738517
25,75,60,100.0,2.6208883261680604
25,75,61,98.0,1.9856991684436798
25,75,62,100.0,3.1916905498504637
25,75,63,80.0,1.3812656638026237
25,75,64,100.0,2.66430490732193
25,75,65,80.0,1.4251505982875825
25,75,66,98.0,1.9983096706867218
25,75,67,60.0,1.1389803645014762
25,75,68,78.0,1.6469955039024353
25,75,69,60.0,1.2676088669896126
25,75,70,86.0,1.9959850591421127
25,75,71,94.0,2.2760298430919645
25,75,72,86.0,2.189170994758606
25,75,73,76.0,1.9403084862232207
25,75,74,100.0,2.2922345495223997
25,75,75,,
50,100,0,,
50,100,1,82.0,1.775744764506817
50,100,2,82.0,1.3540085709095002
50,100,3,58.00000000000001,1.2029688078165055
50,100,4,24.0,0.7718604854866862
50,100,5,82.0,1.732882066965103
50,100,6,98.0,2.3358720943331717
50,100,7,43.99999999999999,0.9615099626779556
50,100,8,90.0,1.8829486644268036
50,100,9,94.0,1.6948084509372712
50,100,10,100.0,2.8506417226791383
50,100,11,72.0,1.4139057400822639
50,100,12,52.0,1.167172104716301
50,100,13,74.0,1.5503225618600844
50,100,14,38.0,0.9573157927393914
50,100,15,65.99999999999999,1.3808639231324196
50,100,16,64.0,1.1607631027698517
50,100,17,90.0,1.8793197182938457
50,100,18,70.0,1.2834269297122955
50,100,19,88.0,1.578951236307621
50,100,20,100.0,2.719075176715851
50,100,21,100.0,2.24661936044693
50,100,22,21.999999999999996,0.7414270383119583
50,100,23,21.999999999999996,0.6776532989740371
50,100,24,21.999999999999996,0.7722627244889736
50,100,25,9.999999999999998,0.583875991627574
50,100,26,12.0,0.580946064889431
50,100,27,12.0,0.593823186531663
50,100,28,38.0,0.8625463515520095
50,100,29,16.000000000000004,0.6505745235085487
50,100,30,19.999999999999996,0.6797119170427323
50,100,31,36.0,0.9193884038925171
50,100,32,78.0,1.507977305650711
50,100,33,100.0,2.8960017371177673
50,100,34,96.0,1.6490048241615296
50,100,35,100.0,3.3316824316978453
50,100,36,100.0,3.610181965827942
50,100,37,40.0,0.9253278712928296
50,100,38,54.0,1.1046733619272708
50,100,39,72.0,1.5624599796533585
50,100,40,92.0,2.3823765897750855
50,100,41,56.00000000000001,1.080626579374075
50,100,42,56.00000000000001,1.1965616193413735
50,100,43,28.000000000000004,0.7787881149351596
50,100,44,24.0,0.7584602950513363
50,100,45,38.0,0.8932694643735886
50,100,46,82.0,1.4672167667746543
50,100,47,56.00000000000001,1.2459941917657853
50,100,48,100.0,2.5957104444503782
50,100,49,88.0,1.8041721320152282
50,100,50,84.0,1.641058975458145
50,100,51,40.0,0.9742772059142589
50,100,52,76.0,1.345527342557907
50,100,53,88.0,1.8139941209554673
50,100,54,98.0,2.054072562456131
50,100,55,16.000000000000004,0.6854386781156063
50,100,56,38.0,0.804929854273796
50,100,57,31.999999999999996,0.7904013824462891
50,100,58,92.0,2.0654319667816163
50,100,59,26.0,0.7360075882077217
50,100,60,100.0,2.6919471192359925
50,100,61,98.0,2.027346383333206
50,100,62,100.0,3.198773145675659
50,100,63,72.0,1.2482220527529717
50,100,64,100.0,2.565978534221649
50,100,65,74.0,1.3313794255256652
50,100,66,92.0,1.9744884848594666
50,100,67,65.99999999999999,1.1801001292467117
50,100,68,72.0,1.5114149683713913
50,100,69,60.0,1.331353197991848
50,100,70,92.0,2.1332253873348237
50,100,71,84.0,2.1572921013832094
50,100,72,86.0,2.1328594553470612
50,100,73,80.0,1.7369163370132445
50,100,74,94.0,2.1311848908662796
50,100,75,,
75,125,0,,
75,125,1,84.0,1.736936337351799
75,125,2,70.0,1.2735197961330413
75,125,3,72.0,1.2680356973409652
75,125,4,21.999999999999996,0.7471417928859592
75,125,5,90.0,1.8045302590727805
75,125,6,98.0,2.2762221765518187
75,125,7,56.00000000000001,1.0365778550505638
75,125,8,94.0,1.929742205142975
75,125,9,98.0,1.6530056476593018
75,125,10,100.0,2.8326569557189942
75,125,11,65.99999999999999,1.364438070654869
75,125,12,56.00000000000001,1.320879084467888
75,125,13,74.0,1.540912575572729
75,125,14,30.000000000000004,0.7884112317860127
75,125,15,80.0,1.586865273118019
75,125,16,52.0,1.100737851858139
75,125,17,84.0,1.9225948561355473
75,125,18,64.0,1.1874620147049426
75,125,19,92.0,1.629079951941967
75,125,20,98.0,2.737483767271042
75,125,21,100.0,2.251165680885315
75,125,22,24.0,0.7254229126870633
75,125,23,16.000000000000004,0.6312017202377319
75,125,24,14.000000000000002,0.6370815712213517
75,125,25,7.9999999999999964,0.493857704102993
75,125,26,4.0000000000000036,0.5539815899729729
75,125,27,12.0,0.5705928776413203
75,125,28,28.000000000000004,0.8099020576477051
75,125,29,14.000000000000002,0.6015834227204323
75,125,30,19.999999999999996,0.6327590835094452
75,125,31,46.0,1.058078175485134
75,125,32,92.0,1.8074847650527954
75,125,33,98.0,2.899650673866272
75,125,34,92.0,1.6318799829483033
75,125,35,100.0,3.3964200401306153
75,125,36,100.0,3.6300124025344847
75,125,37,38.0,0.9523040461540222
75,125,38,56.00000000000001,1.1331395190954208
75,125,39,74.0,1.476251614689827
75,125,40,96.0,2.4060838556289674
75,125,41,52.0,1.0924169252812863
75,125,42,64.0,1.2230193421244622
75,125,43,19.999999999999996,0.6844565702974796
75,125,44,19.999999999999996,0.7221960659325123
75,125,45,36.0,0.8864423240721225
75,125,46,82.0,1.4222229158878326
75,125,47,54.0,1.196756312251091
75,125,48,100.0,2.6291278290748594
75,125,49,92.0,1.8935537767410278
75,125,50,84.0,1.7086568757891656
75,125,51,42.00000000000001,0.9731810793280602
75,125,52,70.0,1.3322390251234173
75,125,53,86.0,1.7811764627695084
75,125,54,90.0,1.9436583516001702
75,125,55,18.000000000000004,0.6973541897535324
75,125,56,24.0,0.7523199672996997
75,125,57,24.0,0.7574595375359059
75,125,58,94.0,2.0643024492263793
75,125,59,28.000000000000004,0.7496451124548912
75,125,60,100.0,2.6194863319396973
75,125,61,98.0,1.9351218676567077
75,125,62,100.0,3.2519903326034547
75,125,63,72.0,1.3164179635047912
75,125,64,100.0,2.636251471042633
75,125,65,60.0,1.182748550772667
75,125,66,88.0,1.7623859214782716
75,125,67,62.0,1.1033048729598522
75,125,68,70.0,1.455292730331421
75,125,69,65.99999999999999,1.4028099411725998
75,125,70,90.0,2.2199322736263274
75,125,71,86.0,2.1387262105941773
75,125,72,84.0,2.0476427334547043
75,125,73,84.0,1.9886859053373336
75,125,74,88.0,2.0200719809532166
75,125,75,,
100,150,0,,
100,150,1,88.0,1.7564107856154443
100,150,2,70.0,1.262813433408737
100,150,3,65.99999999999999,1.2468612205982208
100,150,4,30.000000000000004,0.7736366793513298
100,150,5,94.0,1.8740707412362099
100,150,6,98.0,2.307474637031555
100,150,7,48.0,1.0130218942463398
100,150,8,96.0,1.9251950144767762
100,150,9,98.0,1.7199424195289612
100,150,10,98.0,2.720763669013977
100,150,11,72.0,1.430298838019371
100,150,12,60.0,1.4321747693419455
100,150,13,74.0,1.4641340140998365
100,150,14,31.999999999999996,0.7211415395885706
100,150,15,80.0,1.606578580737114
100,150,16,65.99999999999999,1.236574473977089
100,150,17,86.0,1.8818375808000565
100,150,18,70.0,1.3213536329567432
100,150,19,94.0,1.7374035692214966
100,150,20,98.0,2.7180223524570466
100,150,21,100.0,2.3895670795440673
100,150,22,21.999999999999996,0.729675348252058
100,150,23,12.0,0.5869113510847092
100,150,24,14.000000000000002,0.6247681096941232
100,150,25,6.000000000000005,0.4756984119862318
100,150,26,2.0000000000000018,0.5569894784688949
100,150,27,24.0,0.6932899668812752
100,150,28,26.0,0.8446309240162373
100,150,29,21.999999999999996,0.6689185777306557
100,150,30,9.999999999999998,0.5579198081791401
100,150,31,42.00000000000001,0.9797182947397232
100,150,32,82.0,1.6955816414952278
100,150,33,96.0,2.7231314039230345
100,150,34,86.0,1.5021657490730285
100,150,35,100.0,3.2465477705001833
100,150,36,100.0,3.6953760766983033
100,150,37,46.0,1.0487784761190415
100,150,38,60.0,1.2512926760315894
100,150,39,86.0,1.665187294483185
100,150,40,98.0,2.3509664273262025
100,150,41,42.00000000000001,1.0193358758091926
100,150,42,70.0,1.3506888091564178
100,150,43,19.999999999999996,0.7061316415667533
100,150,44,24.0,0.8180975210666657
100,150,45,34.0,0.8998713906109334
100,150,46,78.0,1.376882132291794
100,150,47,50.0,1.1701617163419724
100,150,48,100.0,2.5540553617477415
100,150,49,92.0,2.013297481536865
100,150,50,82.0,1.7712840947508812
100,150,51,30.000000000000004,0.8545840698480606
100,150,52,72.0,1.3184730606153607
100,150,53,82.0,1.7425702154636382
100,150,54,88.0,1.9183160826563834
100,150,55,19.999999999999996,0.6746895042061806
100,150,56,21.999999999999996,0.7834114220738411
100,150,57,24.0,0.7706670659780502
100,150,58,98.0,2.0507620000839233
100,150,59,30.000000000000004,0.7334435191377997
100,150,60,100.0,2.5272092151641847
100,150,61,94.0,1.867755365371704
100,150,62,100.0,3.2477412676811217
100,150,63,78.0,1.4641778630018234
100,150,64,100.0,2.792784774303436
100,150,65,56.00000000000001,1.155643797814846
100,150,66,94.0,1.8019771766662598
100,150,67,62.0,1.1453410510718822
100,150,68,68.0,1.3797421154379845
100,150,69,64.0,1.3604277807474137
100,150,70,94.0,2.1546173852682116
100,150,71,88.0,2.1249065797030924
100,150,72,92.0,2.1536474722623824
100,150,73,90.0,2.2534334325790404
100,150,74,88.0,2.075432376265526
100,150,75,,
125,175,0,,
125,175,1,86.0,1.8433504477143288
125,175,2,64.0,1.2210093283653258
125,175,3,64.0,1.3109207385778427
125,175,4,28.000000000000004,0.8272430726885796
125,175,5,82.0,1.787068629860878
125,175,6,98.0,2.3391562414169313
125,175,7,46.0,0.9548422342538834
125,175,8,92.0,1.861462769806385
125,175,9,88.0,1.6381791806221009
125,175,10,98.0,2.71607355594635
125,175,11,76.0,1.4809532660245894
125,175,12,56.00000000000001,1.3822003039717674
125,175,13,65.99999999999999,1.3539088940620423
125,175,14,42.00000000000001,0.9017355894297361
125,175,15,74.0,1.526482402086258
125,175,16,70.0,1.2344943714141845
125,175,17,92.0,1.9212110608816146
125,175,18,64.0,1.250719831585884
125,175,19,86.0,1.6650073313713074
125,175,20,100.0,2.73386438369751
125,175,21,100.0,2.427505464553833
125,175,22,26.0,0.7768478851020336
125,175,23,16.000000000000004,0.6328809931874275
125,175,24,19.999999999999996,0.6837847185879946
125,175,25,4.0000000000000036,0.4725310079008341
125,175,26,2.0000000000000018,0.542087716460228
125,175,27,21.999999999999996,0.6522025460004807
125,175,28,26.0,0.8004748801887035
125,175,29,21.999999999999996,0.7053808945417405
125,175,30,16.000000000000004,0.617333997786045
125,175,31,46.0,1.0613456806540489
125,175,32,72.0,1.7048639985918999
125,175,33,96.0,2.7292536425590517
125,175,34,90.0,1.5201535391807557
125,175,35,100.0,3.179799656867981
125,175,36,100.0,3.7381844615936277
125,175,37,54.0,1.1364212253689765
125,175,38,58.00000000000001,1.2269700238108634
125,175,39,86.0,1.7224461740255357
125,175,40,96.0,2.2546670866012573
125,175,41,46.0,1.1261365428566932
125,175,42,62.0,1.340059144794941
125,175,43,21.999999999999996,0.7809162265062333
125,175,44,26.0,0.8526437172293663
125,175,45,36.0,0.895068826675415
125,175,46,72.0,1.3370355570316315
125,175,47,50.0,1.1840472987294197
125,175,48,100.0,2.5869202852249145
125,175,49,96.0,1.9961991894245148
125,175,50,84.0,1.7501178731024265
125,175,51,28.000000000000004,0.8088840263336897
125,175,52,68.0,1.3334645330905914
125,175,53,86.0,1.8699273699522019
125,175,54,94.0,1.9849009335041046
125,175,55,18.000000000000004,0.6490044213086367
125,175,56,34.0,0.8308463036268949
125,175,57,28.000000000000004,0.8354476876556873
125,175,58,100.0,2.115226984024048
125,175,59,31.999999999999996,0.7096272250637412
125,175,60,100.0,2.536864025592804
125,175,61,94.0,1.8727911067008973
125,175,62,100.0,3.275180249214172
125,175,63,80.0,1.5262442857027054
125,175,64,98.0,2.8091943210363386
125,175,65,56.00000000000001,1.2553405469655992
125,175,66,92.0,1.8528948533535003
125,175,67,62.0,1.1898276436328887
125,175,68,60.0,1.348921816945076
125,175,69,52.0,1.2416389274597168
125,175,70,96.0,2.1793775913119315
125,175,71,82.0,2.031756136268377
125,175,72,90.0,2.1165697902441023
125,175,73,92.0,2.221457252502441
125,175,74,86.0,2.0024854344129563
125,175,75,,
