frame,resid,resname,phi_deg,psi_deg,omega_deg,rama_allowed,rama_distance,omega_penalty,bondlen_zmax,bondang_zmax,chi1_deg,chi2_deg,chi_rotamer_dev,ss,sasa_norm,local_score
0,1,GLN,-102.96650695800781,147.59893798828125,155.6051788330078,0,1.3768822258444147,0.40658035278320315,2.666688486788516,0.7235015683094435,,,0.0,E,0.5532469153404236,2.0584080533592695
0,2,ILE,-133.69386291503906,159.15602111816406,177.3463134765625,1,0.9676522932094138,0.04422810872395833,1.8896105314888076,4.2500934484901505,,,0.0,E,0.40653741359710693,0.8481061701244368
0,3,PHE,-104.57307434082031,162.75047302246094,177.55606079101562,0,1.6472457293504594,0.040732320149739584,0.4500247647733966,2.061098059628465,,,0.0,E,0.40796932578086853,1.772692575521178
0,4,VAL,-150.45462036132812,119.7114486694336,162.97494506835938,1,0.8695608936010327,0.28375091552734377,2.3319133899206883,3.435926438747822,,,0.0,E,0.411198228597641,1.1014654182989558
0,5,LYS,-76.72774505615234,149.01002502441406,178.30995178222656,0,2.39731065902623,0.02816747029622396,1.6088633698686883,1.2313527860821916,,,0.0,E,0.35285085439682007,2.1931502915604297
0,6,THR,-103.7345962524414,-166.44041442871094,177.1961212158203,0,2.655334414729407,0.04673131306966146,1.6207504466427027,0.9847504735550655,,,0.0,C,0.4999738335609436,2.2969658455332445
0,7,LEU,-64.07945251464844,-40.546142578125,178.62509155273438,1,0.07243114395917664,0.022915140787760416,0.6495530614036634,1.199375569500133,,,0.0,C,0.936457633972168,0.3253411274081197
0,8,THR,-85.2214126586914,-6.619344711303711,-179.5157928466797,0,1.671206485964151,0.008070119222005208,2.1914260968816692,1.3460971731158489,,,0.0,C,0.9713461995124817,1.9312430440648325
0,9,GLY,93.08818054199219,19.92232322692871,-179.2698211669922,0,1.1071380727428264,0.012169647216796874,1.8417909516354871,6.0,,,0.0,C,0.5673946738243103,1.8696614303899255
0,10,LYS,-86.9604263305664,145.585205078125,-167.11685180664062,0,1.9676776991720573,0.2147191365559896,1.4239422134111674,1.1007611587612143,,,0.0,C,0.5871691703796387,2.0656620973650845
0,11,THR,-111.4129867553711,155.80392456054688,-179.1864776611328,0,1.2580305057816206,0.013558705647786459,1.1298303862622163,0.46706025443496807,,,0.0,E,0.900988757610321,1.4053327222428478
0,12,ILE,-146.5738983154297,127.6928939819336,170.2510528564453,1,0.5475018474126544,0.16248245239257814,0.6651919703630298,4.01624447772078,,,0.0,E,0.5361877083778381,0.7327271676882718
0,13,THR,-86.03921508789062,121.97537994384766,178.3046875,0,2.0265435349153345,0.028255208333333334,0.5787239000413735,1.5002273210319985,,,0.0,E,1.0,1.8809550438865625
0,14,LEU,-111.62239837646484,161.7489776611328,-176.43739318847656,0,1.4209968690096377,0.05937678019205729,1.090975442844949,1.0879315206607825,,,0.0,E,0.48969995975494385,1.6181821802331504
0,15,GLU,-118.81742858886719,101.39811706542969,-166.62002563476562,0,1.4918242010236895,0.22299957275390625,0.8054499528899572,0.27184311557354246,,,0.0,E,1.0,1.592710624821191
0,16,VAL,-128.47467041015625,156.2583770751953,168.18368530273438,1,0.8894929091362381,0.19693857828776043,1.2215315184731055,4.568390411430618,,,0.0,C,0.5830503702163696,0.8512925201280046
0,17,GLU,-98.20118713378906,143.40286254882812,-170.15841674804688,0,1.5098401119996303,0.16402638753255208,0.9641152602449673,1.6618012458589428,,,0.0,C,0.5580763816833496,1.815592597666548
0,18,PRO,-64.92352294921875,-27.902448654174805,175.42465209960938,1,0.7114086281532382,0.07625579833984375,1.9266137792870839,3.8700091601019517,,,0.0,C,0.5716540217399597,0.8782941453027302
0,19,SER,-74.140869140625,-35.04112243652344,-178.03811645507812,1,0.6567818171812995,0.03269805908203125,1.775414823146337,2.179045157211006,,,0.0,C,0.8306829333305359,0.6836002077044139
0,20,ASP,-57.39480209350586,141.319580078125,179.57972717285156,0,3.1144832854186153,0.007004547119140625,1.2867867559762294,2.0988732299360136,,,0.0,C,0.38129284977912903,2.62677171736737
0,21,THR,-74.42463684082031,160.64593505859375,-178.9884490966797,0,2.631224386295053,0.01685918172200521,0.8213344801892735,0.30547221835615596,,,0.0,E,0.27377215027809143,2.0160576958632688
0,22,ILE,-66.31697082519531,-11.343513488769531,173.34158325195312,0,1.2334163680888641,0.11097361246744791,0.7271923351305216,3.909021946129214,,,0.0,C,0.3878980875015259,1.8211371159167717
0,23,GLU,-89.11738586425781,-38.28370666503906,174.00465393066406,0,1.0552184081290539,0.09992243448893229,1.0612183434349671,2.483648551808111,,,0.0,C,0.4515616297721863,1.693362179138406
0,24,ASN,-73.76132202148438,-39.833927154541016,161.888671875,1,0.43908618419972056,0.30185546875,1.7443326681992088,3.9055584359660895,,,0.0,H,0.48423004150390625,1.0171137129290349
0,25,VAL,-48.958316802978516,-35.28974151611328,176.84727478027344,1,0.6225064638071983,0.052545420328776044,0.2497240071631624,4.853504870435463,,,0.0,H,0.5906707644462585,0.581029733107109
0,26,LYS,-66.06315612792969,-49.11833572387695,172.96588134765625,1,0.3099771061014565,0.11723531087239583,0.7023295653765211,1.067351564479677,,,0.0,H,0.19961315393447876,0.38287333813032987
0,27,ALA,-54.53498077392578,-40.57707595825195,-179.65296936035156,1,0.34335116327489734,0.005783843994140625,0.7588212604101273,2.0317281608249016,,,0.0,H,0.6301697492599487,0.46942945320144364
0,28,LYS,-70.38032531738281,-17.560958862304688,175.3247528076172,0,1.0211647730080513,0.07792078653971354,0.21395363269049894,0.8924116035281013,,,0.0,H,0.6380844116210938,1.253417182445244
0,29,ILE,-86.16169738769531,-31.53214454650879,175.3628387451172,0,1.0166928532644322,0.07728602091471354,1.3482351207211838,3.47423321405305,,,0.0,H,0.5060885548591614,1.791016795771782
0,30,GLN,-74.68069458007812,-27.01519775390625,174.25494384765625,1,0.7599820252901804,0.09575093587239583,1.3807713478113552,1.0425790157554016,,,0.0,H,0.36323320865631104,0.47570492916542306
0,31,ASP,-59.437381744384766,-47.50274658203125,-167.7052764892578,1,0.2622135580973632,0.2049120585123698,1.7011035451649574,0.7002259890217246,,,0.0,H,0.8888587355613708,0.5539056329153911
0,32,LYS,-89.71290588378906,-34.589599609375,-163.60887145996094,0,1.1088685222012915,0.2731854756673177,2.438316834511769,1.230394492190811,,,0.0,H,0.9890456795692444,1.8707752556348973
0,33,GLU,-123.58007049560547,1.9997574090957642,169.4153289794922,0,2.9949086378884564,0.1764111836751302,0.8577789914869521,1.8259991877630288,,,0.0,H,0.7724308371543884,2.5770590699089055
0,34,GLY,65.57880401611328,6.5711445808410645,-164.6025848388672,0,1.0355116766170167,0.2566235860188802,0.5760861497104515,5.4299284631675215,,,0.0,C,0.6031111478805542,1.8062378861077437
0,35,ILE,-83.68171691894531,123.27747344970703,-173.1272430419922,0,2.10560539783107,0.1145459493001302,0.898012993635567,4.0160395068659955,,,0.0,C,0.47464436292648315,2.2883809931632273
0,36,PRO,-63.81514358520508,143.17616271972656,-173.17518615722656,0,3.582643374526139,0.11374689737955729,1.306356848489676,3.909841829548351,,,0.0,C,0.5945732593536377,3.0943580017126835
0,37,PRO,-55.22684097290039,-25.142942428588867,-166.22122192382812,1,0.9281465283381304,0.22964630126953126,1.9841742605094526,4.603873143847708,,,0.0,C,0.712743878364563,1.0029304360370572
0,38,ASP,-89.15399932861328,-21.858766555786133,-176.04339599609375,0,1.6505309490701947,0.06594340006510417,1.1967695937832918,1.2535342942016456,,,0.0,C,0.8828853368759155,1.7831070059147485
0,39,GLN,-91.33184814453125,-9.39419174194336,177.1917266845703,0,1.7278112635104257,0.046804555257161456,1.6155627546338822,0.40698074929068445,,,0.0,C,0.5349326729774475,1.736099632185512
0,40,GLN,-92.88648986816406,139.10360717773438,160.77740478515625,0,1.692518751443966,0.3203765869140625,0.6844002451909763,0.6932945800228966,,,0.0,E,0.4486531615257263,1.8161576201098422
0,41,ARG,-124.5991439819336,121.64372253417969,174.89077758789062,1,0.677132723950072,0.08515370686848958,0.98210059405663,1.0076604842054389,,,0.0,E,0.3565923869609833,0.3954921265283787
0,42,LEU,-91.3844223022461,132.0881805419922,-178.500732421875,0,1.748506704803772,0.02498779296875,1.3481551494820403,0.8033551116587795,,,0.0,E,0.4733705520629883,1.7515792406519182
0,43,ILE,-126.156494140625,135.5589599609375,175.003662109375,1,0.3544461191723926,0.08327229817708333,1.5349528159174266,3.0030279934435566,,,0.0,E,0.3853219747543335,0.8182796929523837
0,44,PHE,-145.5576629638672,159.964599609375,-170.9049072265625,0,1.0842106665514921,0.15158487955729166,0.7377080240195749,0.8748396945754437,,,0.0,E,0.5577738881111145,1.4245519460428844
0,45,ALA,31.309213638305664,59.10896682739258,179.29669189453125,0,1.2788896227517683,0.0117218017578125,1.7239345014788434,0.9800277737918699,,,0.0,C,1.0,1.598896541906029
0,46,GLY,48.42412185668945,6.213959217071533,179.4037322998047,0,1.079376911421281,0.009937795003255208,1.3334137843999119,5.93294971534741,,,0.0,C,0.9256500601768494,1.7693774326964005
0,47,LYS,-127.86479187011719,161.0023193359375,-177.70840454101562,0,1.0785410930732793,0.03819325764973958,2.211363286821278,1.6011620724390576,,,0.0,E,0.45563000440597534,1.7033363829840003
0,48,GLN,-83.57205963134766,142.29949951171875,-175.69384765625,0,2.0777355919108644,0.07176920572916666,1.0686023545158887,0.5254313989696289,,,0.0,E,0.9441127777099609,1.8583669924998936
0,49,LEU,-105.44893646240234,148.45774841308594,-178.3174591064453,0,1.2988464719453494,0.028042348225911458,0.2382609784883631,0.5213973468668055,,,0.0,C,0.5700164437294006,1.2970647180346364
0,50,GLU,-88.16808319091797,128.27886962890625,-173.7039031982422,0,1.8924701426349717,0.10493494669596354,1.6532400815984944,1.3608440812624194,,,0.0,C,0.6332415342330933,2.027283641816277
0,51,ASP,-57.77106857299805,-37.77926254272461,-173.48577880859375,1,0.26879389442927815,0.10857035319010416,1.273207481573299,1.441008442719826,,,0.0,C,0.6112051010131836,0.5337970856080989
0,52,GLY,-73.06776428222656,-27.66220474243164,-165.29339599609375,1,0.46718618738366097,0.24511006673177083,2.3878345725076766,5.672613955232034,,,0.0,C,0.7250534892082214,1.0818049788001076
0,53,ARG,-81.83003997802734,175.85743713378906,-164.744384765625,0,2.6822005347489424,0.25426025390625,0.6482735215773666,0.37380788815587124,,,0.0,C,0.4676262140274048,2.202142359426365
0,54,THR,-109.99832916259766,155.97837829589844,168.56906127929688,0,1.3054813062392812,0.19051564534505208,1.2015561876234508,0.8429324834884911,,,0.0,E,0.286691814661026,1.63637549898042
0,55,LEU,-65.26542663574219,-37.84992980957031,176.98312377929688,1,0.18912531476213656,0.05028127034505208,0.8555020543692415,1.7421416415434041,,,0.0,H,0.2732090950012207,0.47065156874423
0,56,SER,-66.90634155273438,-55.74397277832031,175.44631958007812,1,0.5715330850375386,0.07589467366536458,0.24969917135936698,1.2099960379566628,,,0.0,H,0.5714503526687622,0.30020354013502837
0,57,ASP,-44.15514373779297,-31.761886596679688,172.81373596191406,1,0.8578555343203103,0.11977106730143229,0.9949755003443895,0.9533649946802321,,,0.0,H,0.8653711080551147,0.4145517163135112
0,58,TYR,-91.99323272705078,-17.67961311340332,-179.39120483398438,0,1.5137179458690035,0.010146586100260417,1.0940916646005763,1.4271899186410844,,,0.0,H,0.7093523740768433,1.6846825097166405
0,59,ASN,72.25679016113281,50.63721466064453,178.34811401367188,1,0.539640019545219,0.02753143310546875,1.284391414804913,0.687354608674778,,,0.0,C,0.8298250436782837,0.34927291207571676
0,60,ILE,-94.46732330322266,109.99728393554688,-174.76075744628906,0,1.9049550927221939,0.08732070922851562,2.3056774528275317,4.2311450316923205,,,0.0,C,0.5619044303894043,2.402247653753739
0,61,GLN,-75.76146697998047,170.86175537109375,160.48960876464844,0,2.7699153178854017,0.32517318725585936,0.8934680415410012,2.3926333706602865,,,0.0,C,0.740962028503418,2.67652111808481
0,62,LYS,-50.06237030029297,140.25341796875,167.03955078125,0,3.4039974945605205,0.21600748697916666,1.980165517312934,1.6555823906697562,,,0.0,C,0.6216359734535217,2.9699623471784173
0,63,GLU,69.6063461303711,61.24245071411133,-177.86485290527344,1,0.7548235196937958,0.035585784912109376,1.3318199785305405,1.0441519752417805,,,0.0,C,0.8473100662231445,0.42268466431280216
0,64,SER,-122.5657958984375,135.25601196289062,-175.10826110839844,1,0.4974735752008652,0.0815289815266927,1.4451705870529346,1.2769343529410622,,,0.0,C,0.436301052570343,0.5148308928106857
0,65,THR,-85.27518463134766,106.91809844970703,175.6481170654297,0,2.2842593401369857,0.07253138224283855,1.6859270065446996,0.9143066595741286,,,0.0,E,0.9853314161300659,2.1299004844370932
0,66,LEU,-90.45233154296875,172.09043884277344,178.96658325195312,0,2.318687704200665,0.017223612467447916,2.0482832464214313,1.1205984376447322,,,0.0,E,0.44559919834136963,2.2004085087952787
0,67,HIS,-136.945068359375,136.56112670898438,175.68296813964844,1,0.09976297929910587,0.07195053100585938,0.8545833139704496,0.8388549663468062,,,0.0,E,0.46656957268714905,0.33620261164060383
0,68,LEU,-111.73540496826172,129.32981872558594,174.2786865234375,1,0.9578244830243148,0.095355224609375,1.6481455203147137,1.1300954205830676,,,0.0,E,0.43613848090171814,0.5345565752733281
0,69,VAL,-131.73562622070312,-171.6055450439453,-172.7119903564453,0,2.1397659521452765,0.12146682739257812,1.3427970764594221,4.776777447127905,,,0.0,E,0.5586166977882385,2.384782609360309
0,70,LEU,-101.50326538085938,166.1898193359375,176.1708221435547,0,1.8307751627563904,0.06381963094075521,1.2440387893655591,1.332659416851186,,,0.0,E,0.8184667229652405,1.892702005619886
0,71,ARG,-117.24258422851562,86.91227722167969,161.46673583984375,0,2.050465272814323,0.30888773600260416,0.7214205483140044,1.60583270089978,,,0.0,C,0.4317118227481842,2.144773979944745
0,72,LEU,-59.829742431640625,-146.24404907226562,168.14706420898438,0,4.171689787130518,0.19754892985026043,0.3694681995265187,3.215735018594261,,,0.0,C,0.8786851167678833,3.2955846242073736
0,73,ARG,-62.49930191040039,164.6914825439453,164.76629638671875,0,3.1337990641741365,0.25389506022135416,3.4347980705957046,1.243661130135775,,,0.0,C,0.7861902713775635,2.9645976822757127
0,74,GLY,-51.61027908325195,-19.51413345336914,171.59165954589844,1,0.672158678045885,0.14013900756835937,2.2927172273761647,5.320382928555068,,,0.0,C,1.0,0.987223793572297
