resid,total_contrib,mean_local_score,cover,rank
36,2.1468257055217164,4.126492165220931,1,1
33,1.7184784797422406,3.303150304432294,1,2
62,1.7055268852222072,3.2782555711632755,1,3
40,1.5205753826656807,2.922753527246825,1,4
72,1.4389721553853894,2.765900981107299,1,5
48,1.3349181127418148,2.5658949020744752,1,6
34,1.290482617980977,2.4804838132670803,1,7
50,1.287632668009945,2.4750058202486036,1,8
35,1.2801316971879417,2.460587930035655,1,9
70,1.2770030453328975,2.4545742339380454,1,10
60,1.253114233589676,2.408656675637296,1,11
52,1.2279797496771956,2.3603447653248018,1,12
10,1.2249395973773636,2.354501177457343,1,13
71,1.2205982433683038,2.3461565022194986,1,14
20,1.218529167869195,2.3421794565681617,1,15
9,1.206566182021186,2.3191849641659656,1,16
46,1.1924866498293034,2.2921221806664267,1,17
65,1.1923010976541026,2.2917655240476633,1,18
1,1.129175036490312,2.1704286143285128,1,19
21,1.1149020877216265,2.14299405775641,1,20
74,1.1146232171567685,2.142458030449658,1,21
8,1.1021786734214785,2.1185379180290997,1,22
54,1.093420209059226,2.1017029535150993,1,23
61,1.0519244647301402,2.0219424664743637,1,24
58,1.047253553769547,2.0129643377731106,1,25
43,1.0295140090624864,1.9788665104273724,1,26
13,1.0193815971879443,1.9593906311757177,1,27
5,0.9774015161926319,1.878699182924031,1,28
51,0.976256201429002,1.876497731550184,1,29
2,0.9699115027031432,1.864302354200451,1,30
53,0.9509179918487709,1.827794232684569,1,31
18,0.9387345021211323,1.804375901714877,1,32
42,0.9243445874661608,1.776716520737087,1,33
12,0.9193076268379001,1.767034794588763,1,34
6,0.915597483255202,1.7599033919851557,1,35
17,0.9129023595933203,1.7547229962751307,1,36
64,0.9070689488603847,1.7435103842665909,1,37
41,0.8951127580404556,1.720528952836258,1,38
15,0.8876908564204639,1.7062630444268494,1,39
38,0.8868173224691722,1.7045839928872726,1,40
49,0.8683267662423361,1.6690426188463492,1,41
66,0.8577394366683667,1.6486923256552308,1,42
19,0.8526897954201503,1.638986225623753,1,43
39,0.8448088938147466,1.623838056563763,1,44
4,0.8420024071197806,1.6184436058970006,1,45
73,0.834545229671941,1.6041098925293875,1,46
32,0.8169178982907424,1.5702277545192167,1,47
26,0.7470107076616419,1.4358565879724263,1,48
30,0.7235403633412129,1.3907433812019905,1,49
14,0.7024003627037225,1.3501094132096192,1,50
16,0.5333832271580248,1.0252353986011935,1,51
68,0.44932015119009683,0.8636546873800526,1,52
45,0.44665961760585127,0.8585407785226828,1,53
22,0.4337896225184683,0.8338028905060069,1,54
29,0.38814498247936374,0.7460676593592745,1,55
69,0.3856015634223386,0.7411788606157652,1,56
44,0.3789477980005791,0.7283894148719916,1,57
37,0.37232136151474304,0.7156524990749584,1,58
56,0.35249882252235243,0.6775508722700903,1,59
7,0.34833629235144226,0.6695499208684103,1,60
28,0.3473404955660064,0.6676358634660396,1,61
25,0.31628291327688846,0.6079389492465387,1,62
63,0.3090407695135187,0.5940185599843436,1,63
55,0.28594587357274304,0.5496270162688544,1,64
67,0.2811678193012519,0.5404429434931293,1,65
31,0.27648960724993676,0.5314507810985102,1,66
3,0.20786450313399668,0.3995439599049939,1,67
11,0.20455373758382547,0.3931802164168635,1,68
47,0.2039224209642385,0.3919667396647457,1,69
23,0.19399271315581615,0.3728804853083725,1,70
59,0.1922653724326217,0.3695603005618438,1,71
27,0.17713894684864603,0.3404852450044556,1,72
24,0.15456393794345485,0.2970929951643943,1,73
57,0.111893976967952,0.2150755033844058,1,74
