start,end,resid,pct_disallowed,mean_rama_distance,chain,resSeq,resname
0,50,0,,,0,0,MET
0,50,1,86.0,1.859079055407408,0,1,GLN
0,50,2,78.0,1.371542815839649,0,2,ILE
0,50,3,62.0,1.0922165925441274,0,3,PHE
0,50,4,30.000000000000004,0.7657466091431883,0,4,VAL
0,50,5,86.0,1.6834853537093015,0,5,LYS
0,50,6,98.0,2.2743481177493847,0,6,THR
0,50,7,46.0,1.1092754517999568,0,7,LEU
0,50,8,88.0,1.9681860682199253,0,8,THR
0,50,9,92.0,1.8086710978329217,0,9,GLY
0,50,10,96.0,2.682553763089299,0,10,LYS
0,50,11,72.0,1.431691928829264,0,11,THR
0,50,12,64.0,1.2088571041160312,0,12,ILE
0,50,13,86.0,1.633512736354832,0,13,THR
0,50,14,42.00000000000001,0.8955876484235733,0,14,LEU
0,50,15,64.0,1.322137124372374,0,15,GLU
0,50,16,54.0,1.1611632166503414,0,16,VAL
0,50,17,88.0,2.0078075795681847,0,17,GLU
0,50,18,68.0,1.2730927248570194,0,18,PRO
0,50,19,88.0,1.7820516913080393,0,19,SER
0,50,20,100.0,2.685661187631758,0,20,ASP
0,50,21,100.0,2.210222011403492,0,21,THR
0,50,22,19.999999999999996,0.7055378655663737,0,22,ILE
0,50,23,21.999999999999996,0.695163740394297,0,23,GLU
0,50,24,31.999999999999996,0.7672895957541128,0,24,ASN
0,50,25,6.000000000000005,0.4931183448646162,0,25,VAL
0,50,26,7.9999999999999964,0.4892525791526776,0,26,LYS
0,50,27,16.000000000000004,0.6441248321257236,0,27,ALA
0,50,28,34.0,0.8311014033057313,0,28,LYS
0,50,29,30.000000000000004,0.7058638972805062,0,29,ILE
0,50,30,12.0,0.568775410638941,0,30,GLN
0,50,31,38.0,0.9271495032581476,0,31,ASP
0,50,32,80.0,1.590278218412146,0,32,LYS
0,50,33,98.0,2.77094266170915,0,33,GLU
0,50,34,86.0,1.5771966007507947,0,34,GLY
0,50,35,100.0,3.199173324411939,0,35,ILE
0,50,36,100.0,3.609773843697736,0,36,PRO
0,50,37,42.00000000000001,1.0387580771700915,0,37,PRO
0,50,38,52.0,1.151061546002605,0,38,ASP
0,50,39,74.0,1.558278070144561,0,39,GLN
0,50,40,100.0,2.4686777566873666,0,40,GLN
0,50,41,46.0,1.0425574738094212,0,41,ARG
0,50,42,78.0,1.4342383931648737,0,42,LEU
0,50,43,28.000000000000004,0.7501778926121225,0,43,ILE
0,50,44,19.999999999999996,0.6760611450605597,0,44,PHE
0,50,45,36.0,0.9776094995883886,0,45,ALA
0,50,46,84.0,1.5376678248656044,0,46,GLY
0,50,47,64.0,1.3227191440640544,0,47,LYS
0,50,48,100.0,2.532376175807234,0,48,GLN
0,50,49,98.0,2.0101612026129905,0,49,LEU
0,50,50,76.0,1.697621250231763,0,50,GLU
0,50,51,31.999999999999996,0.8573249898337663,0,51,ASP
0,50,52,65.99999999999999,1.3433822829542226,0,52,GLY
0,50,53,80.0,1.821219993867637,0,53,ARG
0,50,54,94.0,2.0854270966786372,0,54,THR
0,50,55,7.9999999999999964,0.6620208286598558,0,55,LEU
0,50,56,30.000000000000004,0.8419711700943769,0,56,SER
0,50,57,30.000000000000004,0.8487507921485633,0,57,ASP
0,50,58,100.0,2.016985881626063,0,58,TYR
0,50,59,19.999999999999996,0.7283339071644737,0,59,ASN
0,50,60,96.0,2.470168320147246,0,60,ILE
0,50,61,100.0,2.0705748581586256,0,61,GLN
0,50,62,100.0,3.2025947972830853,0,62,LYS
0,50,63,78.0,1.5069817802220768,0,63,GLU
0,50,64,100.0,2.810302877207404,0,64,SER
0,50,65,62.0,1.2380456899946577,0,65,THR
0,50,66,98.0,1.9404104884577495,0,66,LEU
0,50,67,48.0,1.0817645189816318,0,67,HIS
0,50,68,78.0,1.612503008848337,0,68,LEU
0,50,69,68.0,1.3405689593676875,0,69,VAL
0,50,70,88.0,1.9684813312415093,0,70,LEU
0,50,71,90.0,2.1859541356027603,0,71,ARG
0,50,72,82.0,2.1162637362318177,0,72,LEU
0,50,73,80.0,2.0281192282560574,0,73,ARG
0,50,74,98.0,2.2318238453694503,0,74,GLY
0,50,75,,,0,75,GLY
25,75,0,,,0,0,MET
25,75,1,84.0,1.8665691085203973,0,1,GLN
25,75,2,88.0,1.4296226065727682,0,2,ILE
25,75,3,54.0,1.1260317003223987,0,3,PHE
25,75,4,28.000000000000004,0.7898832558352933,0,4,VAL
25,75,5,78.0,1.6190450122659206,0,5,LYS
25,75,6,98.0,2.3466092868877224,0,6,THR
25,75,7,38.0,0.9922890379116442,0,7,LEU
25,75,8,92.0,1.9392801616001327,0,8,THR
25,75,9,90.0,1.774853551039934,0,9,GLY
25,75,10,98.0,2.7757813536807525,0,10,LYS
25,75,11,72.0,1.3721450287504262,0,11,THR
25,75,12,54.0,1.163326327707991,0,12,ILE
25,75,13,80.0,1.519838189914439,0,13,THR
25,75,14,38.0,0.903123856104326,0,14,LEU
25,75,15,60.0,1.3047613238089306,0,15,GLU
25,75,16,70.0,1.2688407965970283,0,16,VAL
25,75,17,90.0,1.8456790596297987,0,17,GLU
25,75,18,70.0,1.2856244808580406,0,18,PRO
25,75,19,88.0,1.6339014406700374,0,19,SER
25,75,20,100.0,2.710559322560231,0,20,ASP
25,75,21,100.0,2.1913429589114406,0,21,THR
25,75,22,19.999999999999996,0.7074394078807492,0,22,ILE
25,75,23,19.999999999999996,0.6680375436665854,0,23,GLU
25,75,24,34.0,0.799431197304554,0,24,ASN
25,75,25,9.999999999999998,0.567694007807451,0,25,VAL
25,75,26,9.999999999999998,0.5525314788549229,0,26,LYS
25,75,27,18.000000000000004,0.6674178598963384,0,27,ALA
25,75,28,28.000000000000004,0.7942970533903138,0,28,LYS
25,75,29,18.000000000000004,0.6368956720619225,0,29,ILE
25,75,30,16.000000000000004,0.6293720696552092,0,30,GLN
25,75,31,30.000000000000004,0.880476303203209,0,31,ASP
25,75,32,74.0,1.405178938002768,0,32,LYS
25,75,33,98.0,2.696678748351259,0,33,GLU
25,75,34,88.0,1.5582510145015531,0,34,GLY
25,75,35,100.0,3.231353972673171,0,35,ILE
25,75,36,100.0,3.692686143966869,0,36,PRO
25,75,37,42.00000000000001,0.9381003508053792,0,37,PRO
25,75,38,50.0,1.131438683593759,0,38,ASP
25,75,39,70.0,1.5831490992523949,0,39,GLN
25,75,40,96.0,2.5006112870655715,0,40,GLN
25,75,41,48.0,1.0515185329386496,0,41,ARG
25,75,42,60.0,1.2692633330835934,0,42,LEU
25,75,43,31.999999999999996,0.812264324384164,0,43,ILE
25,75,44,26.0,0.7575024985092469,0,44,PHE
25,75,45,38.0,0.8965036504513891,0,45,ALA
25,75,46,84.0,1.5293176025324369,0,46,GLY
25,75,47,62.0,1.3149695639675842,0,47,LYS
25,75,48,100.0,2.5429413441196114,0,48,GLN
25,75,49,92.0,2.0103596811289286,0,49,LEU
25,75,50,72.0,1.5740003400383344,0,50,GLU
25,75,51,28.000000000000004,0.7869486627076044,0,51,ASP
25,75,52,76.0,1.369329523076911,0,52,GLY
25,75,53,84.0,1.8693981770792256,0,53,ARG
25,75,54,96.0,2.010293908316479,0,54,THR
25,75,55,9.999999999999998,0.6150866414713233,0,55,LEU
25,75,56,38.0,0.83937752779006,0,56,SER
25,75,57,40.0,0.882887460345733,0,57,ASP
25,75,58,96.0,2.073929247045139,0,58,TYR
25,75,59,16.000000000000004,0.7065124703225067,0,59,ASN
25,75,60,100.0,2.620888257073537,0,60,ILE
25,75,61,98.0,1.985699170498466,0,61,GLN
25,75,62,100.0,3.191690572507069,0,62,LYS
25,75,63,80.0,1.3812656378758157,0,63,GLU
25,75,64,100.0,2.664304876275586,0,64,SER
25,75,65,80.0,1.4251505740869672,0,65,THR
25,75,66,98.0,1.9983096563203853,0,66,LEU
25,75,67,60.0,1.1389803996932577,0,67,HIS
25,75,68,78.0,1.6469954921785064,0,68,LEU
25,75,69,60.0,1.2676088505669465,0,69,VAL
25,75,70,86.0,1.9959850090561144,0,70,LEU
25,75,71,94.0,2.276029928415982,0,71,ARG
25,75,72,86.0,2.189171015795667,0,72,LEU
25,75,73,76.0,1.9403084613050168,0,73,ARG
25,75,74,100.0,2.2922345539743954,0,74,GLY
25,75,75,,,0,75,GLY
50,100,0,,,0,0,MET
50,100,1,82.0,1.775744782982408,0,1,GLN
50,100,2,82.0,1.3540085639891757,0,2,ILE
50,100,3,58.00000000000001,1.202968804326504,0,3,PHE
50,100,4,24.0,0.7718604593730385,0,4,VAL
50,100,5,82.0,1.7328820683936883,0,5,LYS
50,100,6,98.0,2.3358721301294363,0,6,THR
50,100,7,43.99999999999999,0.9615100192854787,0,7,LEU
50,100,8,90.0,1.882948649786471,0,8,THR
50,100,9,94.0,1.6948084784192503,0,9,GLY
50,100,10,100.0,2.8506417951897656,0,10,LYS
50,100,11,72.0,1.413905691637193,0,11,THR
50,100,12,52.0,1.167172087997417,0,12,ILE
50,100,13,74.0,1.5503226028185733,0,13,THR
50,100,14,38.0,0.9573157904753538,0,14,LEU
50,100,15,65.99999999999999,1.3808639263719464,0,15,GLU
50,100,16,64.0,1.16076308112902,0,16,VAL
50,100,17,90.0,1.8793196736624824,0,17,GLU
50,100,18,70.0,1.283426900886447,0,18,PRO
50,100,19,88.0,1.578951229617192,0,19,SER
50,100,20,100.0,2.719075142632804,0,20,ASP
50,100,21,100.0,2.246619302872634,0,21,THR
50,100,22,21.999999999999996,0.7414270455087951,0,22,ILE
50,100,23,21.999999999999996,0.6776533230907951,0,23,GLU
50,100,24,21.999999999999996,0.7722627317279747,0,24,ASN
50,100,25,9.999999999999998,0.5838759775827559,0,25,VAL
50,100,26,12.0,0.5809460416616359,0,26,LYS
50,100,27,12.0,0.593823171345649,0,27,ALA
50,100,28,38.0,0.862546354969955,0,28,LYS
50,100,29,16.000000000000004,0.6505745372674144,0,29,ILE
50,100,30,19.999999999999996,0.679711972185824,0,30,GLN
50,100,31,36.0,0.9193884204277114,0,31,ASP
50,100,32,78.0,1.5079773431090095,0,32,LYS
50,100,33,100.0,2.896001730824768,0,33,GLU
50,100,34,96.0,1.6490047950433762,0,34,GLY
50,100,35,100.0,3.331682430873754,0,35,ILE
50,100,36,100.0,3.6101820138122545,0,36,PRO
50,100,37,40.0,0.9253278983739897,0,37,PRO
50,100,38,54.0,1.1046733668475015,0,38,ASP
50,100,39,72.0,1.5624599665820815,0,39,GLN
50,100,40,92.0,2.3823765890250286,0,40,GLN
50,100,41,56.00000000000001,1.0806265580765562,0,41,ARG
50,100,42,56.00000000000001,1.1965615998695385,0,42,LEU
50,100,43,28.000000000000004,0.7787881142973216,0,43,ILE
50,100,44,24.0,0.7584602764075621,0,44,PHE
50,100,45,38.0,0.8932694613928212,0,45,ALA
50,100,46,82.0,1.467216762808802,0,46,GLY
50,100,47,56.00000000000001,1.2459941833476784,0,47,LYS
50,100,48,100.0,2.595710444718356,0,48,GLN
50,100,49,88.0,1.8041721421938872,0,49,LEU
50,100,50,84.0,1.6410589435883416,0,50,GLU
50,100,51,40.0,0.9742772245986486,0,51,ASP
50,100,52,76.0,1.3455273174877505,0,52,GLY
50,100,53,88.0,1.8139941181465105,0,53,ARG
50,100,54,98.0,2.054072587213984,0,54,THR
50,100,55,16.000000000000004,0.6854386657718828,0,55,LEU
50,100,56,38.0,0.804929887217609,0,56,SER
50,100,57,31.999999999999996,0.7904013782137289,0,57,ASP
50,100,58,92.0,2.0654319603119493,0,58,TYR
50,100,59,26.0,0.736007595039652,0,59,ASN
50,100,60,100.0,2.691947093920814,0,60,ILE
50,100,61,98.0,2.0273463560279232,0,61,GLN
50,100,62,100.0,3.198773157693653,0,62,LYS
50,100,63,72.0,1.248222048429949,0,63,GLU
50,100,64,100.0,2.5659784838486788,0,64,SER
50,100,65,74.0,1.3313794286462608,0,65,THR
50,100,66,92.0,1.9744884895951231,0,66,LEU
50,100,67,65.99999999999999,1.1801001631423198,0,67,HIS
50,100,68,72.0,1.5114149953920606,0,68,LEU
50,100,69,60.0,1.3313531976875717,0,69,VAL
50,100,70,92.0,2.133225392198325,0,70,LEU
50,100,71,84.0,2.157292156331499,0,71,ARG
50,100,72,86.0,2.132859503179929,0,72,LEU
50,100,73,80.0,1.7369163085401518,0,73,ARG
50,100,74,94.0,2.131184915265101,0,74,GLY
50,100,75,,,0,75,GLY
75,125,0,,,0,0,MET
75,125,1,84.0,1.7369363114923138,0,1,GLN
75,125,2,70.0,1.2735197384682366,0,2,ILE
75,125,3,72.0,1.2680356769138812,0,3,PHE
75,125,4,21.999999999999996,0.7471418223455477,0,4,VAL
75,125,5,90.0,1.8045302031644732,0,5,LYS
75,125,6,98.0,2.276222233107801,0,6,THR
75,125,7,56.00000000000001,1.036577898238631,0,7,LEU
75,125,8,94.0,1.929742227693801,0,8,THR
75,125,9,98.0,1.6530056722953432,0,9,GLY
75,125,10,100.0,2.8326569900200873,0,10,LYS
75,125,11,65.99999999999999,1.3644380354573895,0,11,THR
75,125,12,56.00000000000001,1.3208790444152665,0,12,ILE
75,125,13,74.0,1.5409125679101654,0,13,THR
75,125,14,30.000000000000004,0.7884112409948826,0,14,LEU
75,125,15,80.0,1.5868652704794468,0,15,GLU
75,125,16,52.0,1.1007378565279162,0,16,VAL
75,125,17,84.0,1.9225948272284537,0,17,GLU
75,125,18,64.0,1.187461925107814,0,18,PRO
75,125,19,92.0,1.6290798936420856,0,19,SER
75,125,20,98.0,2.7374837657102513,0,20,ASP
75,125,21,100.0,2.251165696634291,0,21,THR
75,125,22,24.0,0.7254229185850366,0,22,ILE
75,125,23,16.000000000000004,0.6312016955421306,0,23,GLU
75,125,24,14.000000000000002,0.6370815322325822,0,24,ASN
75,125,25,7.9999999999999964,0.4938576776149861,0,25,VAL
75,125,26,4.0000000000000036,0.5539815634685555,0,26,LYS
75,125,27,12.0,0.5705929034574401,0,27,ALA
75,125,28,28.000000000000004,0.8099020456404017,0,28,LYS
75,125,29,14.000000000000002,0.6015834819284024,0,29,ILE
75,125,30,19.999999999999996,0.6327591020693972,0,30,GLN
75,125,31,46.0,1.0580781895432352,0,31,ASP
75,125,32,92.0,1.8074847959501288,0,32,LYS
75,125,33,98.0,2.8996506961145228,0,33,GLU
75,125,34,92.0,1.6318799703766576,0,34,GLY
75,125,35,100.0,3.3964200754496208,0,35,ILE
75,125,36,100.0,3.6300123522837864,0,36,PRO
75,125,37,38.0,0.95230407044821,0,37,PRO
75,125,38,56.00000000000001,1.1331395130707662,0,38,ASP
75,125,39,74.0,1.4762516563107206,0,39,GLN
75,125,40,96.0,2.4060839061238184,0,40,GLN
75,125,41,52.0,1.09241692972735,0,41,ARG
75,125,42,64.0,1.2230193076989213,0,42,LEU
75,125,43,19.999999999999996,0.6844565498485404,0,43,ILE
75,125,44,19.999999999999996,0.7221960297070844,0,44,PHE
75,125,45,36.0,0.8864422842454129,0,45,ALA
75,125,46,82.0,1.4222229161586717,0,46,GLY
75,125,47,54.0,1.196756305677568,0,47,LYS
75,125,48,100.0,2.629127818444724,0,48,GLN
75,125,49,92.0,1.893553786514028,0,49,LEU
75,125,50,84.0,1.7086568486648348,0,50,GLU
75,125,51,42.00000000000001,0.9731810846768358,0,51,ASP
75,125,52,70.0,1.3322390210550588,0,52,GLY
75,125,53,86.0,1.781176484117639,0,53,ARG
75,125,54,90.0,1.9436583726533356,0,54,THR
75,125,55,18.000000000000004,0.6973541834679473,0,55,LEU
75,125,56,24.0,0.7523199602547653,0,56,SER
75,125,57,24.0,0.7574595096067899,0,57,ASP
75,125,58,94.0,2.0643024685205553,0,58,TYR
75,125,59,28.000000000000004,0.7496451216765954,0,59,ASN
75,125,60,100.0,2.6194863263416757,0,60,ILE
75,125,61,98.0,1.9351218617151624,0,61,GLN
75,125,62,100.0,3.2519903419717893,0,62,LYS
75,125,63,72.0,1.3164179288343842,0,63,GLU
75,125,64,100.0,2.636251429542305,0,64,SER
75,125,65,60.0,1.1827485471537116,0,65,THR
75,125,66,88.0,1.7623859504553192,0,66,LEU
75,125,67,62.0,1.1033048702674046,0,67,HIS
75,125,68,70.0,1.4552927377401763,0,68,LEU
75,125,69,65.99999999999999,1.4028099386822177,0,69,VAL
75,125,70,90.0,2.219932260091073,0,70,LEU
75,125,71,86.0,2.13872622402802,0,71,ARG
75,125,72,84.0,2.0476427858408166,0,72,LEU
75,125,73,84.0,1.988685892897361,0,73,ARG
75,125,74,88.0,2.020071984105864,0,74,GLY
75,125,75,,,0,75,GLY
100,150,0,,,0,0,MET
100,150,1,88.0,1.7564107980812047,0,1,GLN
100,150,2,70.0,1.262813429445263,0,2,ILE
100,150,3,65.99999999999999,1.2468612139555093,0,3,PHE
100,150,4,30.000000000000004,0.7736367015499875,0,4,VAL
100,150,5,94.0,1.874070678879887,0,5,LYS
100,150,6,98.0,2.3074746860399364,0,6,THR
100,150,7,48.0,1.0130219125362812,0,7,LEU
100,150,8,96.0,1.925195028359411,0,8,THR
100,150,9,98.0,1.7199424338392402,0,9,GLY
100,150,10,98.0,2.72076361197768,0,10,LYS
100,150,11,72.0,1.4302987936068208,0,11,THR
100,150,12,60.0,1.4321747611689264,0,12,ILE
100,150,13,74.0,1.4641340457383722,0,13,THR
100,150,14,31.999999999999996,0.7211415466965494,0,14,LEU
100,150,15,80.0,1.6065785804495545,0,15,GLU
100,150,16,65.99999999999999,1.236574465592228,0,16,VAL
100,150,17,86.0,1.8818375907697236,0,17,GLU
100,150,18,70.0,1.3213535586668406,0,18,PRO
100,150,19,94.0,1.7374035673655053,0,19,SER
100,150,20,98.0,2.718022398046959,0,20,ASP
100,150,21,100.0,2.3895671421313027,0,21,THR
100,150,22,21.999999999999996,0.7296753379890774,0,22,ILE
100,150,23,12.0,0.5869112931761468,0,23,GLU
100,150,24,14.000000000000002,0.6247680492498533,0,24,ASN
100,150,25,6.000000000000005,0.4756984124354455,0,25,VAL
100,150,26,2.0000000000000018,0.5569894418138983,0,26,LYS
100,150,27,24.0,0.6932899853111691,0,27,ALA
100,150,28,26.0,0.8446309054351292,0,28,LYS
100,150,29,21.999999999999996,0.6689186607981331,0,29,ILE
100,150,30,9.999999999999998,0.5579198390434047,0,30,GLN
100,150,31,42.00000000000001,0.9797182925050854,0,31,ASP
100,150,32,82.0,1.6955816681362443,0,32,LYS
100,150,33,96.0,2.723131416307277,0,33,GLU
100,150,34,86.0,1.502165741598745,0,34,GLY
100,150,35,100.0,3.2465477387048907,0,35,ILE
100,150,36,100.0,3.6953761399856706,0,36,PRO
100,150,37,46.0,1.0487785253876103,0,37,PRO
100,150,38,60.0,1.2512926633402466,0,38,ASP
100,150,39,86.0,1.665187360672745,0,39,GLN
100,150,40,98.0,2.350966439948297,0,40,GLN
100,150,41,42.00000000000001,1.0193358661293996,0,41,ARG
100,150,42,70.0,1.3506888149549223,0,42,LEU
100,150,43,19.999999999999996,0.7061316144911736,0,43,ILE
100,150,44,24.0,0.8180975343532753,0,44,PHE
100,150,45,34.0,0.8998714001547612,0,45,ALA
100,150,46,78.0,1.376882139184549,0,46,GLY
100,150,47,50.0,1.1701616805361523,0,47,LYS
100,150,48,100.0,2.554055305920777,0,48,GLN
100,150,49,92.0,2.013297503824809,0,49,LEU
100,150,50,82.0,1.7712840378464898,0,50,GLU
100,150,51,30.000000000000004,0.854584114538323,0,51,ASP
100,150,52,72.0,1.3184730634724098,0,52,GLY
100,150,53,82.0,1.7425702659330875,0,53,ARG
100,150,54,88.0,1.9183160584374597,0,54,THR
100,150,55,19.999999999999996,0.674689528908294,0,55,LEU
100,150,56,21.999999999999996,0.7834113687253884,0,56,SER
100,150,57,24.0,0.7706670527602423,0,57,ASP
100,150,58,98.0,2.050761988183626,0,58,TYR
100,150,59,30.000000000000004,0.7334435089774025,0,59,ASN
100,150,60,100.0,2.527209183459613,0,60,ILE
100,150,61,94.0,1.8677553794151536,0,61,GLN
100,150,62,100.0,3.2477412918534116,0,62,LYS
100,150,63,78.0,1.4641778011830031,0,63,GLU
100,150,64,100.0,2.7927847480405608,0,64,SER
100,150,65,56.00000000000001,1.155643738951019,0,65,THR
100,150,66,94.0,1.801977149290447,0,66,LEU
100,150,67,62.0,1.1453409838601272,0,67,HIS
100,150,68,68.0,1.3797420533310447,0,68,LEU
100,150,69,64.0,1.360427779519826,0,69,VAL
100,150,70,94.0,2.1546173606637575,0,70,LEU
100,150,71,88.0,2.1249066178547475,0,71,ARG
100,150,72,92.0,2.1536474750060712,0,72,LEU
100,150,73,90.0,2.2534334255471085,0,73,ARG
100,150,74,88.0,2.0754323625300604,0,74,GLY
100,150,75,,,0,75,GLY
125,175,0,,,0,0,MET
125,175,1,86.0,1.8433504725905223,0,1,GLN
125,175,2,64.0,1.2210093525283183,0,2,ILE
125,175,3,64.0,1.3109207434332952,0,3,PHE
125,175,4,28.000000000000004,0.8272430480473537,0,4,VAL
125,175,5,82.0,1.7870686767868316,0,5,LYS
125,175,6,98.0,2.3391563123515486,0,6,THR
125,175,7,46.0,0.9548423021767282,0,7,LEU
125,175,8,92.0,1.861462770710723,0,8,THR
125,175,9,88.0,1.638179165303357,0,9,GLY
125,175,10,98.0,2.7160735101694287,0,10,LYS
125,175,11,76.0,1.4809532064006825,0,11,THR
125,175,12,56.00000000000001,1.3822003181774425,0,12,ILE
125,175,13,65.99999999999999,1.3539089163571258,0,13,THR
125,175,14,42.00000000000001,0.9017355997275084,0,14,LEU
125,175,15,74.0,1.5264824071781191,0,15,GLU
125,175,16,70.0,1.2344943565992117,0,16,VAL
125,175,17,92.0,1.9212111192537205,0,17,GLU
125,175,18,64.0,1.2507198351227968,0,18,PRO
125,175,19,86.0,1.6650073770989866,0,19,SER
125,175,20,100.0,2.7338644240269754,0,20,ASP
125,175,21,100.0,2.4275054658209356,0,21,THR
125,175,22,26.0,0.776847871045549,0,22,ILE
125,175,23,16.000000000000004,0.6328809624055038,0,23,GLU
125,175,24,19.999999999999996,0.6837846954455205,0,24,ASN
125,175,25,4.0000000000000036,0.4725310224972546,0,25,VAL
125,175,26,2.0000000000000018,0.5420877249423023,0,26,LYS
125,175,27,21.999999999999996,0.6522025624246284,0,27,ALA
125,175,28,26.0,0.8004748798718725,0,28,LYS
125,175,29,21.999999999999996,0.7053809664745628,0,29,ILE
125,175,30,16.000000000000004,0.6173340646175819,0,30,GLN
125,175,31,46.0,1.0613457024733233,0,31,ASP
125,175,32,72.0,1.704864047975845,0,32,LYS
125,175,33,96.0,2.7292536188805445,0,33,GLU
125,175,34,90.0,1.520153525543498,0,34,GLY
125,175,35,100.0,3.179799612613471,0,35,ILE
125,175,36,100.0,3.7381845375690177,0,36,PRO
125,175,37,54.0,1.136421275289794,0,37,PRO
125,175,38,58.00000000000001,1.2269700200174696,0,38,ASP
125,175,39,86.0,1.722446234106912,0,39,GLN
125,175,40,96.0,2.2546670650725917,0,40,GLN
125,175,41,46.0,1.126136531101428,0,41,ARG
125,175,42,62.0,1.340059188241332,0,42,LEU
125,175,43,21.999999999999996,0.7809162151980514,0,43,ILE
125,175,44,26.0,0.8526437360080189,0,44,PHE
125,175,45,36.0,0.8950688524452911,0,45,ALA
125,175,46,72.0,1.337035580389876,0,46,GLY
125,175,47,50.0,1.184047254057404,0,47,LYS
125,175,48,100.0,2.5869202677887886,0,48,GLN
125,175,49,96.0,1.9961992276199936,0,49,LEU
125,175,50,84.0,1.750117858650562,0,50,GLU
125,175,51,28.000000000000004,0.8088840517078393,0,51,ASP
125,175,52,68.0,1.3334645265392278,0,52,GLY
125,175,53,86.0,1.8699274194322604,0,53,ARG
125,175,54,94.0,1.984900887267807,0,54,THR
125,175,55,18.000000000000004,0.6490044502042506,0,55,LEU
125,175,56,34.0,0.8308462625328811,0,56,SER
125,175,57,28.000000000000004,0.8354476614588866,0,57,ASP
125,175,58,100.0,2.1152269265429124,0,58,TYR
125,175,59,31.999999999999996,0.7096272137753868,0,59,ASN
125,175,60,100.0,2.536863956885705,0,60,ILE
125,175,61,94.0,1.8727910828015863,0,61,GLN
125,175,62,100.0,3.2751802304811695,0,62,LYS
125,175,63,80.0,1.5262442506024478,0,63,GLU
125,175,64,98.0,2.8091942770040736,0,64,SER
125,175,65,56.00000000000001,1.2553405257882115,0,65,THR
125,175,66,92.0,1.8528947976622987,0,66,LEU
125,175,67,62.0,1.189827587884265,0,67,HIS
125,175,68,60.0,1.348921758716458,0,68,LEU
125,175,69,52.0,1.24163892958767,0,69,VAL
125,175,70,96.0,2.1793776027538194,0,70,LEU
125,175,71,82.0,2.031756165659105,0,71,ARG
125,175,72,90.0,2.116569798118393,0,72,LEU
125,175,73,92.0,2.2214572526534737,0,73,ARG
125,175,74,86.0,2.002485441158939,0,74,GLY
125,175,75,,,0,75,GLY
