resid,chain,resSeq,resname,pct_disallowed_mean,rama_dist_mean,coverage_pct
35,0,35,ILE,100.0,3.264162859121141,100.0
36,0,36,PRO,100.0,3.6627025052192224,100.0
21,0,21,THR,100.0,2.286070429629016,100.0
48,0,48,GLN,100.0,2.5735218927999153,100.0
62,0,62,LYS,100.0,3.2279950652983627,100.0
64,0,64,SER,99.66666666666667,2.713136115319768,100.0
60,0,60,ILE,99.33333333333333,2.5777605229714315,100.0
20,0,20,ASP,99.33333333333333,2.7174443734348297,100.0
10,0,10,LYS,98.33333333333333,2.7630785040211685,100.0
6,0,6,THR,98.0,2.313280461044305,100.0
33,0,33,GLU,97.66666666666667,2.785943145364587,100.0
61,0,61,GLN,97.0,1.9598814514361529,100.0
58,0,58,TYR,96.66666666666667,2.0644397453717076,100.0
40,0,40,GLN,96.33333333333333,2.393897173987112,100.0
66,0,66,LEU,93.66666666666667,1.8884110886302203,100.0
9,0,9,GLY,93.33333333333333,1.7149100664550077,100.0
54,0,54,THR,93.33333333333333,1.9994448184279505,100.0
49,0,49,LEU,93.0,1.9546239239824394,100.0
74,0,74,GLY,92.33333333333333,2.125538850400635,100.0
8,0,8,THR,92.0,1.9178024843950772,100.0
70,0,70,LEU,91.0,2.1086031593340997,100.0
34,0,34,GLY,89.66666666666667,1.5731086079691041,100.0
19,0,19,SER,89.33333333333333,1.6710658666169742,100.0
17,0,17,GLU,88.33333333333333,1.9097416416853938,100.0
71,0,71,ARG,87.33333333333333,2.1524442046486856,100.0
72,0,72,LEU,86.66666666666667,2.126025719028782,100.0
5,0,5,LYS,85.33333333333333,1.7501803322000171,100.0
1,0,1,GLN,85.0,1.8063484215123757,100.0
53,0,53,ARG,84.33333333333333,1.8163810764293933,100.0
73,0,73,ARG,83.66666666666667,2.0281534281998614,100.0
50,0,50,GLU,80.33333333333333,1.6904565465033876,100.0
46,0,46,GLY,80.33333333333333,1.4450571376566568,100.0
32,0,32,LYS,79.66666666666667,1.618560835264357,100.0
39,0,39,GLN,77.0,1.5946287311782357,100.0
63,0,63,GLU,76.66666666666667,1.4072182411912795,100.0
13,0,13,THR,75.66666666666667,1.5104381765155848,100.0
2,0,2,ILE,75.33333333333333,1.3187527511405686,100.0
11,0,11,THR,71.66666666666667,1.4155721141136295,100.0
52,0,52,GLY,71.33333333333333,1.34040262243093,100.0
68,0,68,LEU,71.0,1.4924783410344304,100.0
15,0,15,GLU,70.66666666666667,1.4546147721100617,100.0
18,0,18,PRO,67.66666666666667,1.266946570916493,100.0
42,0,42,LEU,65.0,1.3023051061688635,100.0
65,0,65,THR,64.66666666666667,1.2647180841034713,100.0
3,0,3,PHE,62.666666666666664,1.2078391219159526,100.0
16,0,16,VAL,62.666666666666664,1.1937622955159577,100.0
69,0,69,VAL,61.666666666666664,1.3240679425686532,100.0
67,0,67,HIS,60.0,1.1398864206381678,100.0
12,0,12,ILE,57.0,1.279101607263846,100.0
47,0,47,LYS,56.0,1.2391080219417403,100.0
38,0,38,ASP,55.0,1.166429298812058,100.0
41,0,41,ARG,48.333333333333336,1.0687653152971341,100.0
7,0,7,LEU,46.333333333333336,1.0112527703247867,100.0
37,0,37,PRO,43.666666666666664,1.0066150329125125,100.0
31,0,31,ASP,39.666666666666664,0.971026068568452,100.0
14,0,14,LEU,37.0,0.861219280403699,100.0
45,0,45,ALA,36.333333333333336,0.9081275247130107,100.0
51,0,51,ASP,33.333333333333336,0.8758666880105029,100.0
56,0,56,SER,31.0,0.8088093627691801,100.0
28,0,28,LYS,30.0,0.8238254404355673,100.0
57,0,57,ASP,29.666666666666668,0.8142689757556574,100.0
4,0,4,VAL,27.0,0.7792519827157348,100.0
59,0,59,ASN,25.333333333333332,0.7272616361593363,100.0
43,0,43,ILE,25.0,0.7521224518052289,100.0
44,0,44,PHE,23.333333333333332,0.7641602033409578,100.0
24,0,24,ASN,22.666666666666668,0.7141029669524329,100.0
22,0,22,ILE,22.333333333333332,0.7310584077625969,100.0
29,0,29,ILE,20.333333333333332,0.6615362026351569,100.0
23,0,23,GLU,18.0,0.6486414263792432,100.0
27,0,27,ALA,17.333333333333332,0.6369085524268248,100.0
30,0,30,GLN,15.666666666666666,0.614312076368393,100.0
55,0,55,LEU,15.0,0.6639323830805923,100.0
25,0,25,VAL,7.333333333333335,0.5144625738004182,100.0
26,0,26,LYS,6.333333333333333,0.5459648049823321,100.0
0,0,0,MET,,,0.0
75,0,75,GLY,,,0.0
