resid,mean_if,pct_disallowed,n_frames,resname,local_score_med,rama_disallowed_pct,rama_dist_med,omega_pen_med,bondlen_zmax_med,bondang_zmax_med,chi_rotamer_dev_med,sasa_norm_med,if_inv,if_inv_z01,local_score_med_z01,combined_score
36,-0.1529748377589257,0.0,1,PRO,4.126492165220931,100.0,5.1656947148731325,0.1597249348958333,3.1924051252748513,2.543106639674938,0.0,0.6201611161231995,0.1529748377589257,0.733692796544786,1.0,0.8668463982723931
48,-0.2017466783182594,0.0,1,GLN,2.5658949020744752,100.0,2.8623280195018164,0.1869209289550781,2.258998132419966,0.7082430412235847,0.0,0.9773355722427368,0.2017466783182594,0.9512866965604531,0.6010148245332397,0.7761507605468464
40,-0.1744352235523823,0.0,1,GLN,2.922753527246825,100.0,3.282444982569978,0.1602559407552083,2.187409395504842,1.7806250868677356,0.0,0.5081456899642944,0.1744352235523823,0.8294375744142648,0.6922499590189619,0.7608437667166134
20,-0.2025547063677909,0.0,1,ASP,2.3421794565681617,100.0,2.737952007904271,0.0123128255208333,1.5013346523081013,1.282478348544307,0.0,0.2776964604854584,0.2025547063677909,0.9548916860913631,0.5438193209989084,0.7493555035451358
34,-0.1884473974157914,0.0,1,GLY,2.4804838132670803,100.0,2.160718999747458,0.0404332478841145,2.2187962648815924,4.304107103333504,0.0,0.6935983896255493,0.1884473974157914,0.8919524092794272,0.5791784679924635,0.7355654386359454
70,-0.1844178121644638,0.0,1,LEU,2.4545742339380454,100.0,2.5898606574109344,0.1371988932291666,2.3669082056700015,0.9735602061942183,0.0,0.8227570056915283,0.1844178121644638,0.8739745523803156,0.5725543771402071,0.7232644647602613
65,-0.1913633367947587,0.0,1,THR,2.2917655240476633,100.0,2.0947279727859236,0.1802805582682291,2.360165612500707,1.2949811012204715,0.0,0.915292739868164,0.1913633367947587,0.9049617731747033,0.530930402001251,0.7179460875879771
12,-0.2126653551207845,0.0,1,ILE,1.767034794588763,100.0,1.1925199999124916,0.1006858825683593,0.5715622962374867,3.258444246578042,0.0,0.4984840750694275,0.2126653551207845,1.0,0.3967767756237114,0.6983883878118557
53,-0.2035960205541588,0.0,1,ARG,1.827794232684569,100.0,1.618130383628061,0.1128527323404948,2.2431691186222964,0.3613678310687095,0.0,0.4673171043395996,0.2035960205541588,0.9595374737498743,0.41231064566333986,0.6859240597066071
50,-0.1617257761281793,0.0,1,GLU,2.4750058202486036,100.0,2.420877914330408,0.3109242757161458,2.1243993573789317,1.0638425803988087,0.0,0.7389686107635498,0.1617257761281793,0.7727348090406262,0.5777779541909233,0.6752563816157747
64,-0.2007792815466711,0.0,1,SER,1.7435103842665909,100.0,1.6791012790562825,0.0179072062174479,0.5544755338968599,1.7887005065553223,0.0,0.4270496368408203,0.2007792815466711,0.9469706889220622,0.3907624814801857,0.668866585201124
21,-0.1716138552866398,0.0,1,THR,2.14299405775641,100.0,1.7538210676026995,0.1352556864420573,2.5981858950619965,1.3896646596791076,0.0,0.3659189641475677,0.1716138552866398,0.8168501363089407,0.4928952144583824,0.6548726753836616
42,-0.1900711207971055,0.0,1,LEU,1.776716520737087,100.0,1.9842331457597993,0.0371986389160156,1.0603911271087496,0.4798146849123036,0.0,0.5480550527572632,0.1900711207971055,0.8991965956590029,0.39925202359276263,0.6492243096258827
4,-0.1981495442879705,0.0,1,VAL,1.6184436058970006,100.0,1.2429804466806211,0.0159111022949218,0.9422392187548178,1.9678811162581755,0.0,0.4251972138881683,0.1981495442879705,0.9352382060062074,0.35878767818452567,0.6470129420953665
18,-0.1869682880373246,0.0,1,PRO,1.804375901714877,100.0,1.0321885105996973,0.0117383321126302,1.6768673839833352,4.3397761813679185,0.0,0.5568637251853943,0.1869682880373246,0.88535341333178,0.40632347196277674,0.6458384426472783
60,-0.1513215863815109,0.0,1,ILE,2.408656675637296,100.0,2.474673850507303,0.0175033569335937,0.991381396253314,2.9577719998473824,0.0,0.6306278109550476,0.1513215863815109,0.7263168720196429,0.560815009471003,0.6435659407453229
26,-0.1938421745037638,0.0,1,LYS,1.4358565879724263,100.0,1.0775677679529128,0.1399264017740885,0.5941633374050829,1.158604078587339,0.0,0.2045199573040008,0.1938421745037638,0.9160210229061571,0.3121071443242326,0.6140640836151948
49,-0.1804394430164192,0.0,1,LEU,1.6690426188463492,100.0,1.678792279364298,0.1396026611328125,0.6495705107621297,0.7000963891254152,0.0,0.5868138074874878,0.1804394430164192,0.8562251943758358,0.3717239151860807,0.6139745547809583
38,-0.1780728964433991,0.0,1,ASP,1.7045839928872726,100.0,1.02136220652163,0.1089124043782552,1.968901548605979,1.704409969450618,0.0,0.9549294710159302,0.1780728964433991,0.8456669277103468,0.38081048844423,0.6132387080772884
6,-0.1730750301738244,0.0,1,THR,1.7599033919851557,100.0,1.1741934341171805,0.074932861328125,1.9295310167827784,1.770111156800052,0.0,0.5194439888000488,0.1730750301738244,0.8233691181365929,0.39495354807723493,0.6091613331069139
9,-0.138670332473738,0.0,1,GLY,2.3191849641659656,100.0,1.7694463118738883,0.0135004679361979,2.5460187436612367,4.5984509652516055,0.0,0.723166286945343,0.138670332473738,0.6698737350309584,0.5379405066484578,0.6039071208397081
14,-0.19296175248722,0.0,1,LEU,1.3501094132096192,100.0,1.1703110776050736,0.1228302001953125,0.5989798237501549,0.4380075218134325,0.0,0.47076416015625,0.19296175248722,0.912093050165281,0.2901848634280454,0.6011389567966632
17,-0.1689462018803483,0.0,1,GLU,1.7547229962751307,100.0,1.821936924920822,0.0395957946777343,1.4165900747603144,0.4677560520782012,0.0,0.6402485370635986,0.1689462018803483,0.8049484917962864,0.39362911855261545,0.5992888051744509
52,-0.130736035825108,0.0,1,GLY,2.3603447653248018,100.0,1.612236542978705,0.0723019917805989,3.217106043243958,4.007083951222033,0.0,0.8127732872962952,0.130736035825108,0.6344751416652579,0.5484634973490983,0.5914693195071781
13,-0.1521250089779353,0.0,1,THR,1.9593906311757177,100.0,1.833374811851362,0.011279296875,1.7942814388833204,1.4111810766793975,0.0,1.0,0.1521250089779353,0.729901314478894,0.4459548236858777,0.5879280690823858
73,-0.1716191610799088,0.0,1,ARG,1.6041098925293875,100.0,1.161212503801657,0.1624277750651041,0.7913247114089774,1.618772144569408,0.0,0.928655445575714,0.1716191610799088,0.8168738079242998,0.3551230945804657,0.5859984512523827
72,-0.1036980209502405,0.0,1,LEU,2.765900981107299,100.0,3.0923862026763924,0.12940673828125,2.3175958214771097,1.4183211348718825,0.0,0.9564349055290222,0.1036980209502405,0.5138459622487734,0.652148747693171,0.5829973549709722
2,-0.1532132764036881,0.0,1,ILE,1.864302354200451,100.0,1.5598541305792786,0.1647977193196614,1.000357622874781,1.7643043736516144,0.0,0.3603311777114868,0.1532132764036881,0.7347565824104267,0.42164437936450494,0.5782004808874659
54,-0.1393410724003432,0.0,1,THR,2.1017029535150993,100.0,2.4220522348666784,0.1178385416666666,1.501502670807466,0.3122849081830953,0.0,0.3092904090881347,0.1393410724003432,0.6728662182928664,0.48233865456943326,0.5776024364311498
30,-0.1740707994405919,0.0,1,GLN,1.3907433812019905,100.0,1.066197114263433,0.0459129333496093,0.7697587936246044,1.1695019507237967,0.0,0.3506120443344116,0.1740707994405919,0.8278117086926758,0.30057341865122955,0.5641925636719527
39,-0.1594668590588445,0.0,1,GLN,1.623838056563763,100.0,1.159541667564023,0.1542816162109375,0.7193018255918384,1.8508342381494485,0.0,0.3691025972366333,0.1594668590588445,0.7626567277278952,0.360166833394298,0.5614117805610965
16,-0.1928660312786643,0.0,1,VAL,1.0252353986011935,0.0,0.9931138895577942,0.3504689534505208,1.574302101079817,3.3670787796330894,0.0,0.4354402422904968,0.1928660312786643,0.9116659932643114,0.20712697348801337,0.5593964833761624
10,-0.114825310890166,0.0,1,LYS,2.354501177457343,100.0,3.222075484781343,0.0920328776041666,0.6744907594765951,0.3721419017046867,0.0,0.5822034478187561,0.114825310890166,0.5634899860720679,0.5469695148939755,0.5552297504830217
41,-0.1490981076472187,0.0,1,ARG,1.720528952836258,100.0,1.6623177332356676,0.1056327819824218,1.3931724338577662,0.4677005645318816,0.0,0.5167083144187927,0.1490981076472187,0.7163968976276995,0.3848870063218981,0.5506419519747988
69,-0.2000748486011762,0.0,1,VAL,0.7411788606157652,0.0,0.5408159781575402,0.0130470275878906,1.3883615395490838,3.3127697317871405,0.0,0.608359158039093,0.2000748486011762,0.9438278854077415,0.1345045549262293,0.5391662201669855
19,-0.1479109891272135,0.0,1,SER,1.638986225623753,100.0,1.6591088270449323,0.0433054606119791,0.6812111506229731,0.9805051492308422,0.0,0.9001650214195251,0.1479109891272135,0.7111006089171165,0.3640396422432734,0.5375701255801949
5,-0.1335861435827567,0.0,1,LYS,1.878699182924031,100.0,1.7898723901105045,0.0395907084147135,2.196651048899445,0.5277686904470155,0.0,0.4044860899448395,0.1335861435827567,0.6471908000316304,0.42532509915691386,0.5362579495942721
71,-0.095244705193406,0.0,1,ARG,2.3461565022194986,100.0,3.061980190211502,0.046899668375651,1.0054591755154614,0.6744907594765952,0.0,0.4660691916942596,0.095244705193406,0.4761317828678295,0.544836099827444,0.5104839413476367
11,-0.2063391722039931,0.0,1,THR,0.3931802164168635,0.0,0.3984205873770693,0.0236010233561197,1.602206935726867,0.6506697576717756,0.0,0.9276764988899232,0.2063391722039931,0.9717759510961558,0.04553457952209886,0.5086552653091273
55,-0.1945192580525462,0.0,1,LEU,0.5496270162688544,0.0,0.5208550558946459,0.0241060892740885,2.110895049093611,1.0783896467861165,0.0,0.2863459289073944,0.1945192580525462,0.9190418080216333,0.0855320570034507,0.502286932512542
3,-0.1989939400370954,0.0,1,PHE,0.3995439599049939,0.0,0.5860454594991739,0.1183026631673177,1.000357622874781,0.864544152302253,0.0,0.4264046251773834,0.1989939400370954,0.93900544878609,0.04716154592284596,0.493083497354468
37,-0.1792507210761206,0.0,1,PRO,0.7156524990749584,0.0,0.3185350748398929,0.0821726481119791,0.924138077945844,3.586369641410573,0.0,0.5650341510772705,0.1792507210761206,0.850921752060406,0.12797843824071584,0.4894500951505609
22,-0.1721473363636966,0.0,1,ILE,0.8338028905060069,0.0,0.4806393612359741,0.1362497965494791,2.091108833100413,2.298584425462972,0.0,0.271867424249649,0.1721473363636966,0.8192302439040217,0.15818498529151592,0.4887076145977688
33,-0.0283928688892131,100.0,1,GLU,3.303150304432294,100.0,3.565384379444867,0.4747220357259115,1.7678546882985369,2.218644839194028,0.0,0.8143494129180908,0.0283928688892131,0.1778745996692257,0.7895029008742696,0.4836887502717476
56,-0.1782585425176424,0.0,1,SER,0.6775508722700903,0.0,0.5622804766886705,0.0969579060872395,2.353159403290049,1.275835252937914,0.0,0.7156274914741516,0.1782585425176424,0.8464951813266534,0.11823730603748532,0.4823662436820693
43,-0.1024229685487452,0.0,1,ILE,1.9788665104273724,100.0,1.5956770687374977,0.1565874735514323,1.0480925900303837,2.3334316353399127,0.0,0.4634822309017181,0.1024229685487452,0.5081573595308141,0.45093406290671545,0.47954571121876477
23,-0.1923384108307914,0.0,1,GLU,0.3728804853083725,0.0,0.209213135733857,0.1276781717936198,0.5412307244534372,1.1215004143255085,0.0,0.614077627658844,0.1923384108307914,0.909312032666064,0.04034471281560492,0.47482837274083445
66,-0.117800781235985,0.0,1,LEU,1.6486923256552308,100.0,1.7439722533129274,0.0536572774251302,0.499789432551227,0.9189900130282892,0.0,0.3860286176204681,0.117800781235985,0.5767649453416503,0.3665211216842595,0.4716430335129549
25,-0.1773743846573875,0.0,1,VAL,0.6079389492465387,0.0,0.7423682497340465,0.1029327392578125,0.5572526166344435,2.6271837521846324,0.0,0.6642231345176697,0.1773743846573875,0.842550541246722,0.10044019336913904,0.4714953673079305
61,-0.0952039919114454,0.0,1,GLN,2.0219424664743637,100.0,2.231561311957688,0.0452568054199218,1.326817176057981,0.9064980625254916,0.0,0.6598225831985474,0.0952039919114454,0.47595014195162355,0.4619469413012064,0.46894854162641497
24,-0.1927842677265724,0.0,1,ASN,0.2970929951643943,0.0,0.2420523493572262,0.0641349792480468,0.2039433895133443,1.290007174856811,0.0,0.5303564667701721,0.1927842677265724,0.9113012079706917,0.020968743263848268,0.46613497561726996
7,-0.1695628955276275,0.0,1,LEU,0.6695499208684103,0.0,0.9914889383174392,0.0915601094563802,1.424290279825262,2.180988752831489,0.0,0.9786816835403442,0.1695628955276275,0.8076998494298601,0.11619176804104919,0.46194580873545465
47,-0.1788171426449328,0.0,1,LYS,0.3919667396647457,0.0,0.4561865531104517,0.0538350423177083,0.7603848574762233,1.3491578900825634,0.0,0.5459310412406921,0.1788171426449328,0.8489873567059791,0.04522433981688984,0.4471058482614345
67,-0.1640507001341849,0.0,1,HIS,0.5404429434931293,0.0,0.3653512004242588,0.255792490641276,0.8012741424662579,1.2903173106067758,0.0,0.470525711774826,0.1640507001341849,0.7831073780457136,0.08318404001376675,0.4331457090297402
28,-0.1525732981860741,0.0,1,LYS,0.6676358634660396,0.0,0.3701957151777735,0.1024208068847656,2.140056144925417,1.4048654048893756,0.0,0.5074704885482788,0.1525732981860741,0.7319013414619886,0.11570241659428414,0.4238018790281364
68,-0.139835245893086,0.0,1,LEU,0.8636546873800526,0.0,0.8038343024765514,0.3855094909667969,1.0376647553897638,2.4094706595399655,0.0,0.5400023460388184,0.139835245893086,0.6750709564437559,0.16581695075438976,0.42044395359907283
62,-0.000155084120701,100.0,1,LYS,3.2782555711632755,100.0,3.6026276255487426,0.1813715616861979,2.0454785227455363,3.123735072839639,0.0,0.7543140649795532,0.000155084120701,0.05189268787099097,0.7831382674380224,0.4175154776545067
46,-0.0547075914330276,0.0,1,GLY,2.2921221806664267,100.0,1.451419861843192,0.105798594156901,2.922379824762931,4.8928441392591555,0.0,0.8015140891075134,0.0547075914330276,0.2952768350671882,0.5310215854904055,0.4131492102787968
15,-0.0759193267698088,0.0,1,GLU,1.7062630444268494,100.0,1.2990941493694057,0.200854746500651,2.0910511473395,0.3453983118604497,0.0,0.9223202466964722,0.0759193267698088,0.3899122674211361,0.38123975785854713,0.38557601263984165
27,-0.1527932130947989,0.0,1,ALA,0.3404852450044556,0.0,0.2220525457982595,0.067346445719401,0.6043605135839234,1.135491950705506,0.0,0.6124741435050964,0.1527932130947989,0.7328824843122939,0.032062485913010925,0.3824724851126524
31,-0.1398784753988325,0.0,1,ASP,0.5314507810985102,0.0,0.290007407155736,0.0500582377115885,2.0720114048872795,0.8914312120016329,0.0,0.9941386580467224,0.1398784753988325,0.6752638234063978,0.08088508718617486,0.3780744552962863
35,-0.0265083048091532,0.0,1,ILE,2.460587930035655,100.0,2.7523061963844313,0.0139302571614583,0.7598329304258701,2.684089903408202,0.0,0.6271243095397949,0.0265083048091532,0.16946668142568927,0.5740918497792856,0.3717792656024874
8,-0.0436378549887516,100.0,1,THR,2.1185379180290997,100.0,1.8704921957498175,0.0166107177734375,1.9287505687243816,2.096252122220294,0.0,1.0,0.0436378549887516,0.24588958419800583,0.4866427126561767,0.36626614842709126
63,-0.128734981421716,0.0,1,GLU,0.5940185599843436,0.0,0.5125617689237231,0.0895215352376302,0.830358468277898,2.3309059830588277,0.0,0.8321837186813354,0.128734981421716,0.6255475058249027,0.09688128096841847,0.3612143933966606
57,-0.1434390244041864,0.0,1,ASP,0.2150755033844058,0.0,0.9591366691732978,0.004626973470052,0.4918864833061302,0.7777451563850701,0.0,0.8572520017623901,0.1434390244041864,0.6911490911220857,0.0,0.34557454556104283
59,-0.1283034813718181,0.0,1,ASN,0.3695603005618438,0.0,0.3834799891355304,0.0248146057128906,1.1743715189755175,0.9313245586875372,0.0,0.8636720180511475,0.1283034813718181,0.6236223830975779,0.03949586825784571,0.3315591256777118
1,-0.0227815521938306,0.0,1,GLN,2.1704286143285128,100.0,1.6830117491745735,0.1359077453613281,2.496841632482806,1.8651099518385743,0.0,0.5591698288917542,0.0227815521938306,0.15283990198366468,0.49990918380605637,0.3263745428948605
32,-0.0420163625262114,0.0,1,LYS,1.5702277545192167,100.0,1.3801015075695686,0.1990140279134114,0.4120782330828358,0.9734206457134076,0.0,0.8244772553443909,0.0420163625262114,0.2386553509863046,0.34646072466708955,0.2925580378266971
51,-0.0208336307236667,0.0,1,ASP,1.876497731550184,100.0,1.28984168514778,0.2259419759114583,2.1581396872814524,1.214582754974748,0.0,0.6366236209869385,0.0208336307236667,0.14414931690923902,0.4247622720371835,0.28445579447321123
58,-0.0086442642309786,100.0,1,TYR,2.0129643377731106,100.0,2.222188250271089,0.1413597106933593,1.2125666986399304,0.5625358790653486,0.0,0.7583498358726501,0.0086442642309786,0.0897668748392584,0.4596515763535514,0.2747092255964049
74,-0.0010299041046827,100.0,1,GLY,2.142458030449658,100.0,1.0271733698592764,0.1718284606933593,3.761371197459197,4.490638300354033,0.0,0.8586025834083557,0.0010299041046827,0.055795667335025,0.4927581727282128,0.2742769200316189
45,-0.008706559220412,100.0,1,ALA,0.8585407785226828,0.0,0.7390109065639578,0.0959065755208333,4.358589195317897,1.7196650812923469,0.0,1.0,0.008706559220412,0.09004480180586032,0.16450951938118277,0.12727716059352154
44,-0.0112713968333603,100.0,1,PHE,0.7283894148719916,0.0,0.5237543929595676,0.0683479309082031,2.3579576701829357,1.7048131299620997,0.0,0.5198971033096313,0.0112713968333603,0.1014877371699531,0.13123478163192406,0.11636125940093858
29,0.0114762249318828,0.0,1,ILE,0.7460676593592745,0.0,0.7697089355080703,0.0431610107421875,1.2821814078158036,3.755575857671529,0.0,0.4452660083770752,-0.0114762249318828,0.0,0.13575443423241754,0.06787721711620877
0,-0.1300458571508432,0.0,1,,,,,,,,,,0.1300458571508432,0.6313959330949309,,
