frame,score_dynamic,component_rarity,component_transition_surprise,component_local_density
0,77.0,7.7,77.0,100.0
1,99.7,99.9,27.900000000000002,99.9
2,99.7,99.8,28.000000000000004,99.8
3,99.7,99.7,28.1,99.7
4,89.0,7.9,88.8,99.6
5,88.9,8.0,88.9,99.5
6,88.8,7.8,89.0,99.2
7,43.4,8.1,28.199999999999996,99.3
8,43.4,8.200000000000001,30.0,99.4
9,43.2,43.4,30.099999999999998,98.7
10,43.4,43.7,30.2,99.1
11,43.5,43.2,30.3,98.3
12,43.5,43.5,14.000000000000002,98.9
13,43.2,43.6,15.8,98.8
14,43.3,43.0,15.9,99.0
15,43.3,43.1,16.0,98.0
16,43.3,43.3,29.2,97.7
17,81.2,81.2,29.299999999999997,97.89999999999999
18,81.3,81.3,29.4,98.2
19,81.39999999999999,81.39999999999999,29.5,98.6
20,81.39999999999999,99.4,29.599999999999998,97.3
21,81.39999999999999,81.89999999999999,29.7,97.39999999999999
22,79.60000000000001,79.4,29.799999999999997,96.1
23,79.60000000000001,79.5,29.9,97.0
24,79.60000000000001,79.60000000000001,6.4,97.2
25,79.7,79.7,14.399999999999999,98.5
26,79.80000000000001,79.80000000000001,14.499999999999998,98.1
27,79.9,79.9,14.6,96.8
28,80.0,80.0,14.7,98.4
29,80.10000000000001,80.10000000000001,14.799999999999999,97.6
30,80.10000000000001,80.2,14.899999999999999,96.6
31,80.10000000000001,80.30000000000001,15.0,97.8
32,80.2,7.000000000000001,78.9,95.8
33,78.9,3.9,38.2,93.0
34,55.800000000000004,28.199999999999996,87.7,95.3
35,55.800000000000004,28.599999999999998,32.7,95.6
36,55.800000000000004,49.8,55.800000000000004,89.0
37,32.9,49.7,70.0,90.8
38,55.800000000000004,0.0,32.800000000000004,82.69999999999999
39,48.3,0.1,32.9,75.8
40,48.3,98.1,15.6,89.7
41,60.199999999999996,32.9,48.3,88.3
42,60.199999999999996,12.3,60.199999999999996,82.39999999999999
43,60.199999999999996,6.9,90.10000000000001,77.8
44,60.199999999999996,6.800000000000001,37.6,74.4
45,60.099999999999994,98.2,28.999999999999996,91.10000000000001
46,60.099999999999994,14.099999999999998,60.099999999999994,87.2
47,61.1,7.1,27.700000000000003,74.0
48,60.099999999999994,98.3,31.5,79.2
49,51.300000000000004,98.4,31.6,61.1
50,51.300000000000004,7.6,79.0,51.300000000000004
51,32.7,25.4,31.7,44.7
52,32.7,32.7,30.4,69.3
53,32.7,32.6,31.900000000000002,89.9
54,32.7,0.7000000000000001,90.0,76.8
55,53.2,0.6,90.3,53.2
56,53.2,32.5,32.0,88.7
57,53.2,98.5,32.1,59.9
58,49.4,12.2,32.2,58.3
59,59.9,98.6,32.300000000000004,61.8
60,61.8,12.1,73.6,49.4
61,79.9,98.7,32.4,82.0
62,79.9,98.8,32.5,84.2
63,79.9,98.9,32.6,79.9
64,32.4,32.4,24.0,68.4
65,32.4,32.300000000000004,24.099999999999998,92.9
66,32.4,99.0,24.2,32.0
67,32.300000000000004,0.4,90.7,39.0
68,32.2,96.2,24.3,74.5
69,32.2,32.2,24.4,40.5
70,32.1,0.5,90.8,5.6000000000000005
71,30.9,32.1,84.2,22.0
72,30.9,10.7,30.9,49.7
73,31.1,10.8,31.0,19.2
74,31.1,96.3,31.1,17.4
75,31.6,96.39999999999999,31.2,39.300000000000004
76,33.300000000000004,96.5,31.3,77.3
77,39.300000000000004,31.6,76.1,11.5
78,33.300000000000004,33.300000000000004,74.9,3.5999999999999996
79,31.6,96.6,31.4,68.8
80,33.300000000000004,31.5,49.5,16.6
81,68.8,24.8,22.900000000000002,93.60000000000001
82,31.5,96.7,23.0,96.39999999999999
83,31.3,96.8,23.1,82.1
84,48.9,31.4,23.200000000000003,10.4
85,48.9,31.3,23.3,32.9
86,31.3,31.2,48.9,87.9
87,48.9,33.1,75.3,70.5
88,48.9,31.1,48.8,20.5
89,36.199999999999996,96.89999999999999,23.400000000000002,55.7
90,36.199999999999996,30.9,48.4,23.1
91,55.7,97.0,22.1,36.199999999999996
92,38.5,97.1,23.599999999999998,70.1
93,39.2,97.2,23.7,78.8
94,39.2,97.3,23.799999999999997,38.5
95,38.5,97.39999999999999,23.9,39.2
96,38.5,30.8,23.5,26.1
97,30.7,30.7,22.2,96.2
98,30.5,31.0,76.4,46.6
99,30.7,94.39999999999999,22.3,12.9
100,30.5,30.5,76.3,9.5
101,30.4,30.599999999999998,76.5,63.3
102,30.4,30.4,48.6,21.8
103,30.4,30.3,22.400000000000002,48.9
104,30.4,2.8000000000000003,22.5,42.3
105,30.3,38.3,42.199999999999996,8.1
106,38.3,94.8,22.6,71.1
107,41.6,94.89999999999999,22.7,30.3
108,41.6,38.4,41.8,41.6
109,41.6,38.5,41.699999999999996,56.49999999999999
110,41.6,38.6,22.8,23.0
111,41.6,38.7,41.6,50.1
112,41.6,29.599999999999998,75.9,87.3
113,41.6,95.0,26.200000000000003,10.5
114,38.9,95.1,24.9,71.6
115,38.9,38.800000000000004,26.400000000000002,38.3
116,42.8,38.9,26.5,73.4
117,39.2,39.0,42.8,83.1
118,39.2,39.1,43.0,49.6
119,39.300000000000004,39.2,75.0,5.7
120,39.300000000000004,95.19999999999999,27.3,6.7
121,39.300000000000004,39.300000000000004,42.6,7.8
122,41.8,41.8,43.1,6.0
123,41.8,42.1,81.6,15.0
124,41.8,42.0,87.6,8.0
125,42.0,95.3,27.400000000000002,17.9
126,29.7,95.39999999999999,27.500000000000004,4.3999999999999995
127,29.7,42.199999999999996,81.89999999999999,8.7
128,30.5,42.3,25.4,29.7
129,39.1,28.999999999999996,76.0,30.5
130,36.1,42.4,25.5,60.699999999999996
131,39.1,42.5,39.1,27.200000000000003
132,41.8,36.1,25.6,90.9
133,41.8,45.800000000000004,74.3,67.4
134,41.8,2.4,89.7,41.8
135,62.4,3.6999999999999997,89.60000000000001,62.4
136,41.8,95.5,25.7,9.1
137,41.0,45.9,81.5,88.0
138,38.9,95.6,25.8,41.0
139,38.9,35.8,38.9,74.1
140,35.699999999999996,95.7,25.900000000000002,4.7
141,35.699999999999996,40.9,26.0,19.7
142,35.699999999999996,95.8,26.1,35.699999999999996
143,41.199999999999996,49.2,81.2,53.6
144,41.199999999999996,42.8,41.3,29.2
145,41.199999999999996,42.699999999999996,41.199999999999996,13.4
146,41.099999999999994,40.8,41.099999999999994,72.0
147,41.099999999999994,42.6,40.9,17.599999999999998
148,41.099999999999994,93.7,37.5,18.3
149,40.9,41.199999999999996,33.7,63.2
150,39.900000000000006,41.099999999999994,81.69999999999999,66.2
151,41.199999999999996,93.8,25.0,36.8
152,41.3,41.0,39.900000000000006,33.1
153,39.900000000000006,41.3,40.1,45.9
154,41.3,41.699999999999996,40.8,90.60000000000001
155,41.5,41.6,25.1,14.899999999999999
156,41.699999999999996,41.4,75.7,83.8
157,41.9,41.5,41.0,75.2
158,46.0,41.9,25.2,65.7
159,41.9,93.89999999999999,25.3,54.50000000000001
160,46.0,46.0,34.9,84.5
161,46.0,35.9,36.8,30.599999999999998
162,42.5,36.0,81.8,75.1
163,39.6,39.6,39.6,68.89999999999999
164,39.6,39.4,42.5,68.0
165,39.6,94.0,37.4,19.900000000000002
166,37.4,9.8,59.699999999999996,28.499999999999996
167,37.0,39.5,42.0,43.3
168,37.0,94.1,36.9,27.500000000000004
169,37.1,94.19999999999999,37.0,7.199999999999999
170,37.1,94.3,37.1,3.3000000000000003
171,37.2,91.10000000000001,37.2,23.200000000000003
172,37.3,46.1,37.3,21.6
173,38.5,39.7,39.0,20.3
174,38.5,39.800000000000004,38.5,2.7
175,39.0,40.699999999999996,40.6,23.599999999999998
176,40.5,29.099999999999998,34.0,41.5
177,40.5,40.6,41.5,31.900000000000002
178,39.900000000000006,40.5,33.1,72.39999999999999
179,39.900000000000006,40.2,34.2,6.1
180,39.900000000000006,39.900000000000006,42.9,20.0
181,37.5,35.699999999999996,41.9,37.5
182,37.5,91.60000000000001,34.300000000000004,46.400000000000006
183,37.5,36.5,34.4,73.1
184,36.5,36.4,42.1,18.0
185,36.4,36.3,42.3,87.5
186,36.4,91.7,34.5,2.8000000000000003
187,36.199999999999996,36.199999999999996,42.4,18.4
188,36.199999999999996,91.8,34.599999999999994,47.3
189,36.7,91.9,34.699999999999996,17.7
190,36.9,36.9,42.699999999999996,16.1
191,36.9,36.7,34.8,38.9
192,38.7,36.8,38.7,44.1
193,38.7,92.0,36.7,49.5
194,38.800000000000004,37.7,38.800000000000004,64.8
195,38.800000000000004,36.6,34.1,11.899999999999999
196,37.1,92.10000000000001,33.2,75.7
197,37.1,37.2,33.300000000000004,2.1999999999999997
198,39.2,37.1,33.4,81.3
199,37.1,37.0,75.2,72.3
200,37.6,37.3,39.2,85.7
201,39.2,92.2,33.5,33.0
202,37.6,37.6,33.6,60.6
203,37.6,37.5,39.4,61.5
204,37.6,37.4,39.5,14.099999999999998
205,39.4,92.30000000000001,35.9,55.00000000000001
206,37.4,92.4,33.800000000000004,11.0
207,37.0,92.5,33.900000000000006,45.7
208,35.199999999999996,92.60000000000001,35.099999999999994,37.0
209,35.3,26.8,31.8,7.000000000000001
210,35.3,37.8,35.199999999999996,4.1000000000000005
211,35.3,89.7,35.3,4.8
212,40.400000000000006,90.2,35.4,43.5
213,40.400000000000006,37.9,40.400000000000006,93.7
214,40.699999999999996,38.1,40.699999999999996,44.5
215,40.699999999999996,38.0,35.5,73.7
216,40.699999999999996,38.2,87.5,51.6
217,51.6,90.3,36.1,86.3
218,86.3,90.4,36.199999999999996,27.1
219,86.3,90.5,36.3,94.1
220,83.6,90.60000000000001,36.4,93.2
221,83.6,34.2,36.5,84.0
222,39.7,90.7,36.6,83.6
223,39.7,34.1,38.6,40.400000000000006
224,39.7,34.300000000000004,39.7,70.7
225,38.6,90.8,7.8,41.3
226,39.7,5.0,89.3,10.2
227,34.4,34.4,40.300000000000004,31.6
228,34.4,34.5,40.2,40.1
229,34.4,33.7,7.9,84.1
230,39.800000000000004,33.6,40.0,73.8
231,39.800000000000004,90.9,8.0,21.9
232,40.0,35.099999999999994,39.800000000000004,84.3
233,39.800000000000004,35.0,41.4,78.0
234,39.800000000000004,34.9,40.5,68.7
235,39.300000000000004,34.8,38.4,85.5
236,38.4,34.699999999999996,39.300000000000004,72.1
237,38.4,34.599999999999994,8.1,92.30000000000001
238,35.3,35.3,8.200000000000001,55.1
239,35.3,91.0,8.3,71.5
240,35.4,35.199999999999996,6.6000000000000005,92.2
241,35.5,35.5,6.7,94.8
242,35.5,35.4,6.800000000000001,45.4
243,35.5,35.6,6.9,95.1
244,35.4,34.0,75.1,88.6
245,35.6,33.900000000000006,5.6000000000000005,27.700000000000003
246,36.5,33.800000000000004,87.4,20.599999999999998
247,33.800000000000004,88.6,7.1,36.5
248,36.5,88.7,7.199999999999999,93.30000000000001
249,36.5,5.8999999999999995,96.39999999999999,6.2
250,43.1,88.8,7.3,90.0
251,43.1,88.9,7.3999999999999995,22.5
252,43.1,89.0,7.5,43.1
253,43.1,89.1,7.6,62.7
254,43.1,26.5,87.8,23.799999999999997
255,26.5,89.2,7.7,52.2
256,26.5,6.0,90.5,9.4
257,31.5,16.3,5.8999999999999995,10.9
258,10.9,5.5,79.3,78.5
259,26.6,71.2,6.0,31.5
260,31.5,5.4,6.1,67.2
261,26.6,26.6,49.4,17.8
262,26.6,26.700000000000003,49.3,87.1
263,38.1,15.299999999999999,6.2,37.4
264,38.1,5.3,90.4,38.800000000000004
265,38.1,27.3,88.5,38.1
266,38.1,27.0,49.2,34.9
267,38.1,89.3,6.3,48.8
268,48.8,15.2,58.5,28.799999999999997
269,48.8,89.4,20.8,63.800000000000004
270,63.800000000000004,89.5,6.5,79.10000000000001
271,63.800000000000004,26.900000000000002,49.0,5.800000000000001
272,37.3,25.5,88.3,70.19999999999999
273,26.900000000000002,89.60000000000001,9.9,37.3
274,37.3,25.6,10.0,10.8
275,37.3,6.3,78.7,1.4000000000000001
276,48.1,27.6,48.1,49.8
277,48.1,87.0,10.100000000000001,60.4
278,48.1,45.4,52.900000000000006,74.9
279,27.700000000000003,6.2,77.4,1.0
280,27.700000000000003,27.500000000000004,88.2,12.5
281,27.500000000000004,27.700000000000003,57.4,8.3
282,27.500000000000004,6.1,79.4,45.0
283,27.700000000000003,27.800000000000004,5.7,24.7
284,29.7,87.1,5.800000000000001,11.600000000000001
285,29.7,13.0,58.699999999999996,47.099999999999994
286,29.799999999999997,29.7,96.5,5.8999999999999995
287,31.8,29.799999999999997,57.3,15.7
288,29.799999999999997,31.8,57.699999999999996,1.3
289,29.799999999999997,45.300000000000004,52.7,28.7
290,28.199999999999996,2.7,86.2,8.5
291,26.5,12.9,73.7,28.199999999999996
292,26.5,13.100000000000001,59.3,13.200000000000001
293,28.199999999999996,87.2,9.4,26.5
294,27.0,45.2,81.3,34.699999999999996
295,27.0,45.1,53.0,22.400000000000002
296,27.0,76.3,9.5,27.0
297,27.0,13.8,60.0,0.1
298,27.0,8.7,9.6,0.3
299,13.8,29.299999999999997,9.700000000000001,27.400000000000002
300,27.400000000000002,60.5,8.4,60.8
301,33.2,2.6,89.8,8.4
302,60.3,45.0,81.39999999999999,76.3
303,33.2,33.2,74.7,5.3
304,60.3,33.5,74.8,60.3
305,33.2,30.2,88.1,15.4
306,52.800000000000004,87.3,2.4,63.9
307,52.800000000000004,29.4,2.5,3.4000000000000004
308,52.800000000000004,87.4,2.6,52.800000000000004
309,44.3,87.5,2.7,75.9
310,44.3,87.6,4.2,44.3
311,33.4,28.7,48.5,1.9
312,28.9,33.4,84.3,17.5
313,28.799999999999997,28.799999999999997,57.8,0.6
314,28.9,28.9,48.199999999999996,4.5
315,28.799999999999997,1.7999999999999998,79.60000000000001,6.3
316,10.100000000000001,87.7,9.1,63.6
317,10.100000000000001,87.8,9.2,10.100000000000001
318,31.4,85.9,9.3,6.6000000000000005
319,30.0,11.3,62.3,53.300000000000004
320,31.4,30.099999999999998,57.99999999999999,31.4
321,31.4,30.0,49.1,6.9
322,31.4,76.7,94.39999999999999,26.8
323,30.0,11.5,73.8,8.200000000000001
324,31.900000000000002,32.0,54.2,22.1
325,12.5,11.899999999999999,1.0999999999999999,59.699999999999996
326,12.5,31.900000000000002,48.699999999999996,29.599999999999998
327,11.899999999999999,12.5,73.9,4.9
328,11.1,0.8,78.8,11.1
329,11.1,11.1,59.5,7.7
330,11.1,11.799999999999999,2.1999999999999997,0.0
331,31.7,31.7,92.80000000000001,12.1
332,45.6,14.2,65.10000000000001,47.599999999999994
333,45.6,7.199999999999999,77.3,45.6
334,45.6,60.0,83.39999999999999,21.3
335,25.2,86.1,2.3,7.3
336,14.299999999999999,25.2,88.7,3.6999999999999997
337,14.299999999999999,7.3,0.3,69.8
338,16.3,14.299999999999999,65.4,7.1
339,16.3,28.499999999999996,54.400000000000006,16.900000000000002
340,28.499999999999996,86.2,0.4,16.3
341,32.800000000000004,76.2,0.5,32.800000000000004
342,32.800000000000004,59.9,0.6,42.199999999999996
343,42.199999999999996,47.699999999999996,69.5,81.5
344,42.199999999999996,7.5,38.3,2.0
345,57.9,59.8,0.7000000000000001,68.5
346,57.9,4.0,0.8,18.5
347,59.699999999999996,86.3,0.8999999999999999,57.9
348,59.699999999999996,59.699999999999996,64.2,43.4
349,59.699999999999996,59.599999999999994,83.6,90.10000000000001
350,59.699999999999996,60.9,83.7,91.4
351,32.2,86.4,1.0,20.4
352,24.6,84.0,4.3,32.2
353,24.6,4.1000000000000005,94.89999999999999,24.6
354,32.2,7.3999999999999995,94.8,9.700000000000001
355,37.2,84.1,4.3999999999999995,37.2
356,59.3,84.2,4.5,78.4
357,59.3,60.699999999999996,70.5,60.099999999999994
358,60.699999999999996,59.3,70.39999999999999,59.3
359,59.3,1.0,37.7,69.0
360,59.3,1.2,86.5,62.0
361,62.0,0.8999999999999999,0.1,96.0
362,69.5,69.5,91.8,17.2
363,69.5,70.3,47.4,69.5
364,69.5,69.6,68.89999999999999,93.89999999999999
365,69.0,56.8,0.2,86.7
366,68.7,69.8,68.30000000000001,64.60000000000001
367,68.30000000000001,70.8,69.0,54.400000000000006
368,68.30000000000001,70.6,68.7,48.0
369,67.9,4.3999999999999995,86.6,43.6
370,64.3,56.599999999999994,83.89999999999999,64.3
371,64.3,84.3,3.1,67.9
372,64.3,4.5,3.2,26.6
373,67.9,70.7,91.3,15.299999999999999
374,56.699999999999996,56.699999999999996,3.3000000000000003,82.5
375,59.0,84.39999999999999,3.4000000000000004,71.3
376,59.0,56.39999999999999,83.8,40.6
377,59.0,56.49999999999999,64.0,59.0
378,56.39999999999999,60.3,64.1,34.8
379,52.300000000000004,59.5,52.300000000000004,18.099999999999998
380,52.300000000000004,4.6,37.9,39.7
381,37.9,69.69999999999999,4.0,6.5
382,37.9,82.0,4.1000000000000005,69.89999999999999
383,51.5,4.7,2.8000000000000003,25.3
384,51.5,82.1,18.2,51.5
385,51.5,82.19999999999999,18.3,68.10000000000001
386,57.099999999999994,4.2,90.2,42.4
387,57.099999999999994,60.6,52.400000000000006,57.099999999999994
388,42.4,57.099999999999994,58.4,57.4
389,33.300000000000004,28.1,57.599999999999994,5.5
390,33.300000000000004,4.3,91.2,7.9
391,28.1,82.3,18.4,33.300000000000004
392,23.3,82.39999999999999,19.3,85.2
393,23.3,82.5,9.8,23.3
394,23.3,25.1,2.9000000000000004,12.6
395,23.3,56.89999999999999,3.0,7.3999999999999995
396,25.8,25.0,57.49999999999999,25.8
397,25.8,28.299999999999997,48.0,8.6
398,28.299999999999997,14.399999999999999,59.8,38.6
399,28.299999999999997,13.900000000000002,58.9,14.000000000000002
400,38.6,79.0,91.10000000000001,36.4
401,44.3,14.000000000000002,59.9,25.1
402,44.3,70.1,71.0,52.1
403,25.1,44.3,74.5,3.0
404,27.800000000000004,83.5,18.0,17.1
405,27.800000000000004,83.6,16.7,11.700000000000001
406,26.0,14.499999999999998,65.0,27.800000000000004
407,27.800000000000004,26.1,88.4,34.599999999999994
408,27.800000000000004,26.0,54.300000000000004,20.200000000000003
409,31.7,44.2,55.00000000000001,87.8
410,26.0,25.900000000000002,76.8,14.399999999999999
411,31.7,25.3,88.6,31.7
412,25.900000000000002,26.3,18.099999999999998,12.7
413,31.7,44.4,55.1,27.3
414,44.4,4.9,78.0,18.6
415,44.4,15.1,58.599999999999994,69.19999999999999
416,58.199999999999996,58.3,83.5,61.7
417,58.599999999999994,5.7,20.9,67.80000000000001
418,58.199999999999996,58.199999999999996,72.39999999999999,23.400000000000002
419,42.0,15.4,62.9,67.7
420,42.0,70.19999999999999,21.0,42.0
421,21.099999999999998,5.6000000000000005,79.5,15.5
422,21.099999999999998,83.7,21.099999999999998,14.799999999999999
423,21.099999999999998,16.0,89.1,2.6
424,21.099999999999998,46.800000000000004,52.800000000000004,56.3
425,46.7,46.7,54.6,5.2
426,49.1,4.8,79.10000000000001,1.5
427,46.7,83.8,21.8,49.1
428,49.1,46.9,52.5,90.4
429,49.1,14.6,59.599999999999994,35.3
430,35.3,83.89999999999999,21.9,81.8
431,35.3,14.7,22.0,30.099999999999998
432,33.6,25.7,54.1,33.6
433,33.6,52.5,87.1,88.9
434,64.4,25.8,87.9,29.5
435,64.4,14.799999999999999,74.1,64.4
436,53.900000000000006,16.1,74.0,94.39999999999999
437,53.900000000000006,27.400000000000002,53.900000000000006,78.9
438,46.2,27.1,53.7,13.3
439,34.4,27.200000000000003,88.0,15.1
440,34.4,46.2,20.7,56.39999999999999
441,34.4,84.8,19.400000000000002,34.4
442,34.4,46.6,52.6,54.0
443,30.7,14.899999999999999,62.2,30.7
444,30.7,5.2,89.9,1.7999999999999998
445,30.7,5.1,93.0,0.4
446,37.9,5.800000000000001,90.60000000000001,39.6
447,39.6,46.5,55.900000000000006,61.0
448,39.6,46.400000000000006,13.3,37.9
449,55.900000000000006,3.4000000000000004,89.4,56.89999999999999
450,56.89999999999999,84.89999999999999,13.4,19.8
451,56.89999999999999,85.0,13.5,73.0
452,53.800000000000004,29.2,76.2,69.39999999999999
453,62.1,9.0,77.10000000000001,25.900000000000002
454,53.800000000000004,27.900000000000002,53.800000000000004,73.6
455,28.000000000000004,52.300000000000004,87.2,62.1
456,44.0,28.000000000000004,57.9,15.8
457,40.300000000000004,9.6,62.4,4.0
458,28.000000000000004,85.1,19.900000000000002,44.0
459,40.300000000000004,40.300000000000004,75.8,14.6
460,40.300000000000004,3.8,86.1,0.7000000000000001
461,40.1,40.400000000000006,75.4,40.699999999999996
462,40.1,40.0,75.6,21.4
463,40.1,40.1,75.5,28.1
464,40.0,46.300000000000004,99.4,12.3
465,15.8,9.700000000000001,11.899999999999999,88.8
466,15.8,15.6,12.0,18.8
467,15.8,15.8,12.1,46.7
468,34.5,48.9,70.89999999999999,13.0
469,34.5,15.5,62.5,34.5
470,34.5,59.0,64.3,67.60000000000001
471,34.5,58.9,12.2,11.4
472,52.6,8.9,62.6,0.5
473,12.9,58.099999999999994,64.60000000000001,10.299999999999999
474,13.0,52.6,76.9,19.0
475,13.100000000000001,85.2,12.9,12.4
476,13.100000000000001,85.3,13.0,9.9
477,13.100000000000001,85.39999999999999,13.100000000000001,12.2
478,15.9,24.3,84.89999999999999,85.1
479,52.300000000000004,15.9,13.200000000000001,54.7
480,58.699999999999996,58.699999999999996,11.200000000000001,64.7
481,58.699999999999996,85.5,11.3,52.300000000000004
482,64.2,9.1,95.1,66.5
483,64.2,64.2,80.7,12.8
484,64.2,55.7,73.3,78.10000000000001
485,62.0,74.0,52.0,45.1
486,52.0,15.7,95.0,2.5
487,47.9,68.0,62.0,12.0
488,44.6,17.0,65.9,47.9
489,47.9,85.6,11.700000000000001,44.6
490,47.9,85.7,11.799999999999999,35.6
491,51.7,74.5,51.7,22.2
492,51.800000000000004,74.4,51.800000000000004,25.2
493,52.0,17.299999999999997,73.2,91.60000000000001
494,52.1,74.3,51.9,80.4
495,63.7,74.2,50.1,52.0
496,63.7,74.6,52.1,26.400000000000002
497,63.7,16.900000000000002,83.2,63.7
498,65.8,17.4,65.8,71.2
499,66.9,74.7,61.7,71.0
500,66.9,18.8,83.3,91.3
501,66.9,76.4,11.600000000000001,66.9
502,66.9,77.0,61.8,48.6
503,66.9,76.1,60.3,47.4
504,75.5,76.0,50.4,75.5
505,75.5,77.2,50.3,94.69999999999999
506,75.5,77.10000000000001,50.5,83.7
507,62.3,62.2,16.5,42.1
508,62.3,19.0,67.9,55.800000000000004
509,62.3,62.3,58.099999999999994,84.39999999999999
510,62.4,62.4,71.5,52.6
511,62.4,88.2,12.5,76.7
512,62.4,63.1,72.1,83.0
513,60.5,56.2,12.3,77.5
514,60.5,73.4,50.2,51.0
515,60.5,73.1,60.5,44.4
516,61.9,73.2,61.9,26.700000000000003
517,65.2,88.4,12.4,78.60000000000001
518,70.0,55.60000000000001,70.7,70.89999999999999
519,70.0,8.4,65.2,80.2
520,70.0,78.0,67.7,70.0
521,70.0,18.9,67.4,91.0
522,70.0,72.89999999999999,99.8,65.4
523,67.4,88.5,11.4,81.10000000000001
524,72.89999999999999,77.7,60.6,67.10000000000001
525,67.10000000000001,58.8,58.199999999999996,83.3
526,58.8,61.1,99.7,86.8
527,58.8,92.7,11.5,19.3
528,68.60000000000001,71.39999999999999,47.9,40.2
529,68.60000000000001,57.99999999999999,84.0,82.89999999999999
530,68.60000000000001,68.60000000000001,98.4,67.30000000000001
531,71.6,71.7,68.60000000000001,86.2
532,68.60000000000001,1.7000000000000002,86.4,2.4
533,57.3,71.6,98.5,9.8
534,57.3,57.3,70.1,38.7
535,57.3,12.8,98.6,21.5
536,57.3,72.5,68.8,22.8
537,47.5,68.8,47.5,16.7
538,57.8,72.3,47.599999999999994,57.8
539,57.8,3.1,86.3,22.6
540,57.8,3.0,98.8,78.2
541,57.49999999999999,57.199999999999996,70.6,62.9
542,62.9,57.49999999999999,70.8,53.5
543,57.49999999999999,2.9000000000000004,38.0,28.9
544,57.4,72.39999999999999,97.6,61.3
545,57.4,71.3,47.3,52.400000000000006
546,71.1,57.4,72.6,26.200000000000003
547,71.1,72.2,97.7,80.30000000000001
548,72.3,72.8,71.1,45.2
549,72.6,60.199999999999996,72.3,91.2
550,72.3,72.6,97.3,35.5
551,72.3,66.9,97.2,97.1
552,66.8,66.8,99.0,50.3
553,66.8,2.1,79.7,53.0
554,53.0,9.5,73.5,18.2
555,45.7,71.8,68.5,11.3
556,29.9,45.7,99.1,2.3
557,45.6,1.6,98.9,28.000000000000004
558,45.6,29.9,76.6,18.7
559,39.1,45.6,55.60000000000001,32.5
560,39.1,61.0,97.5,66.10000000000001
561,39.1,1.0999999999999999,97.39999999999999,39.1
562,39.1,8.3,62.8,0.2
563,39.1,10.6,97.1,15.6
564,59.099999999999994,1.5,77.9,59.099999999999994
565,59.199999999999996,59.199999999999996,58.3,93.8
566,71.89999999999999,71.89999999999999,97.0,66.8
567,71.89999999999999,73.7,84.1,81.2
568,72.0,72.0,98.7,69.1
569,72.0,11.0,11.1,63.1
570,63.5,66.7,97.89999999999999,75.4
571,48.699999999999996,66.60000000000001,12.6,63.5
572,54.900000000000006,10.5,59.199999999999996,39.4
573,54.900000000000006,67.2,47.699999999999996,48.699999999999996
574,54.900000000000006,44.9,54.900000000000006,85.6
575,54.900000000000006,10.9,62.7,96.5
576,54.900000000000006,44.6,74.6,62.2
577,62.2,44.7,13.8,93.10000000000001
578,52.900000000000006,44.800000000000004,69.69999999999999,52.900000000000006
579,47.5,99.1,15.299999999999999,76.6
580,47.599999999999994,47.5,69.6,28.599999999999998
581,47.599999999999994,81.0,19.5,22.3
582,47.5,47.599999999999994,69.89999999999999,39.900000000000006
583,22.3,69.89999999999999,98.0,24.2
584,47.599999999999994,11.700000000000001,59.099999999999994,2.9000000000000004
585,13.5,11.600000000000001,59.0,1.6
586,11.700000000000001,60.8,72.2,13.700000000000001
587,13.5,81.10000000000001,12.7,13.5
588,13.5,0.2,77.2,9.3
589,13.5,28.4,54.0,11.200000000000001
590,9.3,6.6000000000000005,12.8,3.8
591,16.5,6.4,78.10000000000001,29.299999999999997
592,16.5,6.5,77.8,1.0999999999999999
593,29.299999999999997,6.7,77.7,16.5
594,49.6,49.6,96.7,20.8
595,54.50000000000001,49.5,86.7,63.0
596,54.800000000000004,47.199999999999996,69.8,87.7
597,63.0,47.099999999999994,54.50000000000001,67.0
598,61.199999999999996,44.5,54.800000000000004,92.80000000000001
599,61.199999999999996,48.5,98.2,79.4
600,61.199999999999996,99.3,13.600000000000001,61.199999999999996
601,65.10000000000001,47.8,96.8,65.10000000000001
602,65.10000000000001,48.699999999999996,96.89999999999999,52.7
603,65.10000000000001,48.6,86.8,70.39999999999999
604,52.7,70.5,78.4,25.4
605,51.300000000000004,79.3,51.300000000000004,13.100000000000001
606,51.300000000000004,0.3,13.700000000000001,94.19999999999999
607,46.800000000000004,12.0,98.1,3.1
608,46.800000000000004,10.4,95.39999999999999,69.6
609,58.699999999999996,70.39999999999999,46.800000000000004,36.9
610,67.80000000000001,79.2,67.80000000000001,50.6
611,67.80000000000001,70.0,47.0,58.699999999999996
612,72.1,72.1,95.5,6.800000000000001
613,73.5,77.4,95.6,21.099999999999998
614,73.5,73.5,67.60000000000001,77.2
615,73.5,77.3,95.7,42.9
616,73.5,99.2,19.6,31.1
617,68.89999999999999,67.10000000000001,69.19999999999999,4.3
618,67.10000000000001,67.0,96.2,97.5
619,67.30000000000001,68.89999999999999,46.5,87.6
620,67.30000000000001,66.4,46.6,46.2
621,53.800000000000004,67.30000000000001,46.7,74.2
622,53.800000000000004,1.3,96.3,53.800000000000004
623,53.800000000000004,1.4000000000000001,79.2,34.0
624,45.5,66.5,47.099999999999994,82.6
625,45.5,2.0,95.89999999999999,45.5
626,60.099999999999994,1.9,77.5,31.8
627,60.099999999999994,60.099999999999994,72.5,46.9
628,60.5,47.0,74.4,60.5
629,69.0,69.39999999999999,96.0,71.8
630,71.8,72.7,96.1,86.6
631,71.8,69.0,94.1,50.2
632,69.19999999999999,69.3,98.3,78.7
633,69.19999999999999,11.4,59.4,42.6
634,78.7,69.19999999999999,95.19999999999999,10.0
635,69.19999999999999,69.1,95.3,92.10000000000001
636,69.19999999999999,48.1,86.9,95.89999999999999
637,55.400000000000006,48.0,54.7,90.5
638,55.300000000000004,47.9,55.400000000000006,85.39999999999999
639,55.300000000000004,44.1,55.300000000000004,75.6
640,55.400000000000006,44.0,55.2,76.1
641,55.50000000000001,48.4,93.89999999999999,79.60000000000001
642,55.7,48.3,55.50000000000001,58.099999999999994
643,63.3,48.199999999999996,55.7,64.9
644,63.3,13.600000000000001,63.3,65.2
645,63.3,13.5,63.4,85.9
646,63.3,77.60000000000001,93.7,30.2
647,31.0,13.700000000000001,20.1,46.800000000000004
648,31.0,13.3,19.7,40.0
649,31.0,13.200000000000001,58.8,31.0
650,31.0,13.4,95.8,54.6
651,31.0,71.5,46.9,43.7
652,19.6,9.2,65.3,13.8
653,13.8,9.3,63.2,0.8999999999999999
654,13.8,9.4,63.0,19.6
655,19.6,11.200000000000001,19.8,5.4
656,26.900000000000002,29.5,76.7,37.1
657,37.1,92.80000000000001,20.5,65.0
658,45.5,92.9,20.599999999999998,26.900000000000002
659,65.0,45.5,93.30000000000001,7.6
660,56.10000000000001,66.2,93.2,66.0
661,56.10000000000001,70.89999999999999,93.10000000000001,33.4
662,56.10000000000001,56.10000000000001,70.3,34.2
663,35.4,9.9,63.1,4.2
664,35.4,10.2,94.0,35.4
665,33.900000000000006,88.3,20.0,29.099999999999998
666,35.4,71.0,69.3,8.9
667,66.10000000000001,8.6,74.2,33.900000000000006
668,66.10000000000001,66.3,69.1,58.4
669,66.10000000000001,66.10000000000001,47.199999999999996,73.3
670,66.10000000000001,48.8,69.39999999999999,23.7
671,59.4,49.4,93.8,79.0
672,48.8,71.1,21.2,59.4
673,44.800000000000004,8.5,92.0,5.1
674,44.800000000000004,77.9,21.3,44.800000000000004
675,8.5,2.5,38.1,0.8
676,44.800000000000004,55.800000000000004,21.4,89.2
677,51.1,2.1999999999999997,89.5,4.6
678,51.1,55.900000000000006,63.9,30.9
679,51.1,67.80000000000001,46.400000000000006,51.1
680,51.1,3.5000000000000004,77.60000000000001,47.699999999999996
681,51.1,68.5,93.60000000000001,81.89999999999999
682,47.699999999999996,87.9,20.200000000000003,23.9
683,29.4,68.2,93.4,35.099999999999994
684,27.6,88.0,20.3,8.799999999999999
685,29.4,3.5999999999999996,37.8,29.4
686,29.4,88.1,20.4,27.6
687,52.2,42.9,52.2,92.7
688,52.2,59.099999999999994,70.19999999999999,41.9
689,52.2,67.9,92.10000000000001,57.3
690,49.3,49.3,92.2,15.9
691,24.9,2.3,92.30000000000001,1.7000000000000002
692,24.9,10.0,94.6,3.2
693,24.9,10.100000000000001,94.69999999999999,24.9
694,38.0,3.3000000000000003,94.5,38.0
695,48.4,3.2,85.2,48.4
696,50.8,68.4,92.4,92.0
697,67.4,67.4,68.4,57.699999999999996
698,67.5,68.30000000000001,47.8,50.8
699,67.5,8.799999999999999,92.60000000000001,76.9
700,67.60000000000001,67.5,78.60000000000001,18.9
701,76.9,67.60000000000001,93.5,57.49999999999999
702,67.60000000000001,67.7,92.7,89.3
703,67.60000000000001,76.9,50.9,94.5
704,61.6,76.8,51.2,16.0
705,56.3,16.7,72.89999999999999,9.2
706,56.3,61.6,71.2,50.0
707,61.6,56.3,73.4,54.900000000000006
708,61.9,68.10000000000001,78.5,56.8
709,68.10000000000001,74.8,21.6,61.9
710,71.89999999999999,75.3,51.1,74.3
711,72.0,62.7,71.89999999999999,96.3
712,74.3,62.6,72.0,90.3
713,72.0,75.2,50.8,75.3
714,74.9,75.0,50.7,82.8
715,75.0,75.1,51.0,58.5
716,74.9,74.9,61.199999999999996,82.19999999999999
717,60.9,75.9,61.1,89.60000000000001
718,61.0,75.7,60.9,59.8
719,61.0,85.8,21.5,41.4
720,61.0,75.8,61.0,32.4
721,61.0,75.6,91.4,62.5
722,61.0,75.5,51.6,65.5
723,53.5,75.4,53.5,31.3
724,53.5,78.5,51.5,46.300000000000004
725,53.5,78.2,53.400000000000006,15.2
726,56.99999999999999,63.800000000000004,56.99999999999999,32.7
727,57.099999999999994,63.9,71.8,79.80000000000001
728,57.099999999999994,64.0,57.099999999999994,36.6
729,64.1,64.1,63.6,86.1
730,57.099999999999994,62.8,56.49999999999999,47.0
731,64.1,10.299999999999999,94.3,73.5
732,66.4,73.8,51.4,53.7
733,66.4,16.8,72.7,93.5
734,62.9,73.9,60.8,66.4
735,62.9,18.7,83.0,33.2
736,62.9,62.9,56.3,81.0
737,56.00000000000001,74.1,50.6,53.1
738,62.9,62.5,71.3,86.5
739,64.3,56.00000000000001,64.5,30.0
740,71.3,64.3,57.199999999999996,68.30000000000001
741,64.3,78.7,53.1,77.7
742,64.3,78.60000000000001,53.6,72.6
743,65.9,78.4,53.300000000000004,17.0
744,63.2,63.3,56.89999999999999,22.7
745,61.4,65.9,56.8,76.5
746,61.4,63.2,56.699999999999996,64.0
747,61.4,78.10000000000001,61.4,36.0
748,61.4,78.3,61.3,48.3
749,61.3,63.5,56.10000000000001,35.8
750,56.10000000000001,63.4,21.7,64.5
751,28.999999999999996,17.2,65.7,28.999999999999996
752,28.999999999999996,16.6,82.3,26.0
753,28.999999999999996,17.1,66.0,21.0
754,59.5,63.7,80.2,80.7
755,65.5,63.6,56.2,59.5
756,65.5,65.7,80.9,24.4
757,65.5,65.5,78.2,55.300000000000004
758,65.60000000000001,65.4,56.39999999999999,19.400000000000002
759,65.5,65.60000000000001,16.6,89.4
760,65.60000000000001,84.5,16.8,65.9
761,65.60000000000001,16.5,16.900000000000002,42.8
762,20.9,65.8,17.0,66.3
763,20.9,16.400000000000002,17.1,95.39999999999999
764,20.9,20.9,17.2,88.5
765,20.9,64.4,17.299999999999997,83.2
766,20.9,20.8,17.4,44.9
767,23.9,23.9,17.5,53.900000000000006
768,20.8,66.0,18.5,16.2
769,23.9,84.6,18.6,64.1
770,64.1,16.2,18.7,56.99999999999999
771,64.1,84.7,18.8,69.69999999999999
772,55.50000000000001,82.6,18.9,72.2
773,55.50000000000001,82.69999999999999,19.0,55.50000000000001
774,55.50000000000001,82.8,19.1,36.1
775,47.5,82.89999999999999,19.2,47.5
776,47.5,83.0,17.599999999999998,71.89999999999999
777,64.9,83.1,17.7,24.099999999999998
778,71.89999999999999,83.2,17.8,95.19999999999999
779,64.9,64.9,71.7,25.6
780,64.9,83.3,17.9,80.5
781,53.2,26.200000000000003,81.0,14.299999999999999
782,41.099999999999994,15.0,64.9,41.099999999999994
783,41.099999999999994,78.8,53.2,25.5
784,41.099999999999994,83.39999999999999,3.5999999999999996,29.9
785,38.4,56.99999999999999,64.7,46.5
786,38.4,22.900000000000002,50.0,38.4
787,56.99999999999999,20.1,66.9,37.8
788,58.599999999999994,19.6,82.6,58.599999999999994
789,61.5,79.10000000000001,61.5,51.9
790,61.5,19.400000000000002,82.8,83.89999999999999
791,61.5,19.5,65.5,77.60000000000001
792,65.5,20.599999999999998,83.1,58.8
793,65.5,20.5,73.1,57.199999999999996
794,79.80000000000001,22.7,84.8,84.7
795,79.80000000000001,65.0,79.80000000000001,88.4
796,79.80000000000001,22.8,85.0,83.39999999999999
797,79.80000000000001,19.2,66.8,3.5000000000000004
798,71.7,65.3,78.3,13.900000000000002
799,71.7,64.8,80.10000000000001,94.89999999999999
800,71.7,64.7,80.5,71.7
801,73.2,19.3,85.8,85.0
802,73.2,64.60000000000001,80.80000000000001,43.8
803,73.2,78.9,61.6,73.2
804,66.60000000000001,22.1,85.7,88.1
805,66.60000000000001,22.2,82.89999999999999,25.0
806,66.60000000000001,18.5,66.60000000000001,94.6
807,55.400000000000006,18.4,66.5,55.400000000000006
808,55.400000000000006,24.5,82.0,92.5
809,40.9,17.5,68.0,21.7
810,40.9,17.8,66.7,35.9
811,40.9,24.4,49.9,40.9
812,40.9,17.9,66.10000000000001,86.4
813,56.00000000000001,65.2,71.6,10.6
814,61.6,24.7,3.5000000000000004,90.7
815,56.00000000000001,65.10000000000001,56.00000000000001,43.0
816,56.00000000000001,17.7,67.30000000000001,61.6
817,60.4,18.0,82.5,55.2
818,60.4,64.5,71.39999999999999,34.300000000000004
819,55.2,60.4,64.8,56.599999999999994
820,54.300000000000004,18.6,82.69999999999999,24.0
821,54.300000000000004,24.6,82.1,54.300000000000004
822,51.4,18.099999999999998,85.6,51.4
823,54.300000000000004,76.6,60.699999999999996,17.299999999999997
824,60.699999999999996,86.0,3.6999999999999997,32.300000000000004
825,61.5,61.5,80.0,20.9
826,63.0,18.2,72.8,87.0
827,63.0,63.0,80.30000000000001,19.1
828,63.0,76.5,3.8,89.1
829,63.0,61.7,56.599999999999994,86.0
830,62.0,62.0,3.9,62.8
831,61.7,61.9,79.9,84.8
832,49.2,24.9,84.7,43.9
833,43.9,61.8,5.0,32.6
834,43.9,59.4,5.1,49.2
835,44.2,18.3,67.10000000000001,40.8
836,49.2,77.8,5.2,51.800000000000004
837,51.800000000000004,21.0,67.2,44.2
838,51.800000000000004,86.5,5.3,55.900000000000006
839,44.2,62.1,80.4,38.2
840,34.1,86.6,4.6,34.1
841,30.8,19.1,66.3,13.600000000000001
842,30.8,21.5,66.4,2.1
843,21.7,86.7,4.7,30.8
844,21.7,86.8,4.8,53.400000000000006
845,30.8,21.7,67.5,5.0
846,21.7,86.9,4.9,14.499999999999998
847,21.4,21.6,66.2,65.8
848,21.2,21.4,85.5,14.7
849,21.4,21.099999999999998,82.19999999999999,1.2
850,21.4,21.2,85.3,6.4
851,56.699999999999996,21.3,86.0,70.3
852,67.0,21.9,67.0,81.69999999999999
853,67.0,22.0,73.0,56.699999999999996
854,67.0,61.3,80.60000000000001,79.5
855,62.1,68.7,62.1,48.1
856,62.1,22.3,84.39999999999999,68.60000000000001
857,61.4,21.8,85.9,59.599999999999994
858,61.4,23.0,49.8,48.199999999999996
859,61.4,61.4,63.7,54.1
860,61.4,22.6,84.6,71.39999999999999
861,61.4,22.5,84.5,96.7
862,60.4,19.900000000000002,82.39999999999999,39.800000000000004
863,47.8,73.3,60.4,36.3
864,39.800000000000004,19.8,68.2,47.8
865,22.400000000000002,19.7,65.60000000000001,20.7
866,22.400000000000002,20.0,1.7999999999999998,22.900000000000002
867,22.400000000000002,22.400000000000002,1.9,46.1
868,23.400000000000002,23.400000000000002,2.0,86.9
869,23.400000000000002,57.8,91.0,41.699999999999996
870,48.5,20.200000000000003,85.39999999999999,48.5
871,57.8,20.3,2.1,68.2
872,58.9,61.199999999999996,63.5,85.3
873,63.5,57.9,91.7,75.0
874,63.5,57.699999999999996,91.60000000000001,58.9
875,68.10000000000001,20.4,68.10000000000001,74.7
876,68.10000000000001,89.8,5.4,49.9
877,80.0,89.9,5.5,89.8
878,80.0,90.0,1.4000000000000001,96.89999999999999
879,80.0,23.3,91.5,80.0
880,57.599999999999994,23.200000000000003,92.9,57.599999999999994
881,57.599999999999994,90.10000000000001,8.9,55.60000000000001
882,55.60000000000001,57.599999999999994,92.5,52.5
883,55.60000000000001,23.1,49.7,88.2
884,49.7,24.0,49.6,95.5
885,49.7,58.599999999999994,63.800000000000004,76.4
886,60.0,23.599999999999998,9.0,51.7
887,60.0,23.5,85.1,60.0
888,58.5,91.2,1.2,70.8
889,58.5,58.4,1.3,77.10000000000001
890,58.5,58.5,0.0,95.7
891,58.4,23.799999999999997,1.5,95.0
892,58.5,23.7,94.19999999999999,73.9
893,24.2,24.2,1.6,91.9
894,73.9,24.099999999999998,90.9,79.3
895,26.400000000000002,20.7,1.7000000000000002,7.5
896,26.400000000000002,91.3,10.5,84.89999999999999
897,26.400000000000002,26.400000000000002,10.6,91.8
898,51.2,91.4,10.7,19.5
899,51.2,91.5,10.8,67.5
900,51.2,95.89999999999999,10.9,51.2
901,67.5,93.0,11.0,80.9
902,51.2,77.5,46.2,21.2
903,46.2,93.10000000000001,7.000000000000001,92.60000000000001
904,46.1,73.0,46.1,27.900000000000002
905,43.2,93.2,8.5,26.3
906,43.2,93.30000000000001,8.6,42.699999999999996
907,43.2,93.4,8.7,43.2
908,52.1,93.5,8.799999999999999,94.0
909,52.1,52.1,43.3,64.2
910,52.1,52.2,45.800000000000004,77.4
911,52.0,51.7,46.0,50.4
912,51.9,52.0,44.2,54.800000000000004
913,51.800000000000004,51.800000000000004,35.699999999999996,54.2
914,51.800000000000004,51.9,35.8,87.4
915,51.800000000000004,93.60000000000001,35.0,42.5
916,51.9,55.1,43.8,50.5
917,50.5,52.800000000000004,43.7,80.60000000000001
918,52.800000000000004,52.900000000000006,36.0,80.10000000000001
919,52.800000000000004,53.400000000000006,43.5,37.7
920,52.900000000000006,53.300000000000004,45.2,91.5
921,53.300000000000004,55.00000000000001,45.9,37.6
922,53.5,53.5,45.7,85.8
923,53.5,94.5,10.2,57.99999999999999
924,55.2,94.6,10.299999999999999,81.6
925,55.2,17.599999999999998,10.4,47.199999999999996
926,46.0,55.2,45.5,78.3
927,46.0,52.7,45.4,25.7
928,52.400000000000006,94.69999999999999,27.1,46.0
929,52.400000000000006,52.400000000000006,43.4,79.7
930,52.400000000000006,53.1,43.6,59.199999999999996
931,53.0,53.0,43.9,72.7
932,53.0,50.1,44.0,56.00000000000001
933,50.2,73.6,46.300000000000004,93.4
934,50.2,50.2,44.1,94.3
935,50.3,96.0,27.200000000000003,45.800000000000004
936,50.3,50.3,96.6,16.400000000000002
937,50.3,50.4,44.9,80.80000000000001
938,50.3,50.5,87.3,89.5
939,50.4,50.6,44.800000000000004,20.1
940,55.300000000000004,50.7,35.6,39.5
941,55.300000000000004,55.300000000000004,44.7,76.2
942,55.300000000000004,55.400000000000006,44.3,66.60000000000001
943,55.400000000000006,55.50000000000001,43.2,91.7
944,55.400000000000006,54.800000000000004,45.6,76.0
945,54.800000000000004,96.1,30.599999999999998,82.3
946,47.3,47.3,99.2,9.0
947,47.3,54.900000000000006,30.7,28.4
948,40.300000000000004,12.7,89.2,40.300000000000004
949,40.300000000000004,50.9,87.0,63.4
950,54.300000000000004,97.7,30.8,16.8
951,54.300000000000004,54.0,99.3,62.3
952,54.1,54.300000000000004,26.6,72.5
953,54.1,54.2,26.700000000000003,33.800000000000004
954,54.1,54.1,26.8,60.9
955,43.8,43.8,97.8,24.5
956,54.1,54.6,45.1,74.8
957,43.8,97.8,26.900000000000002,33.5
958,50.0,51.6,99.6,72.8
959,50.0,12.4,27.0,58.199999999999996
960,50.0,50.0,15.1,70.6
961,41.199999999999996,49.9,91.9,81.39999999999999
962,50.0,97.89999999999999,15.2,31.2
963,41.199999999999996,98.0,13.900000000000002,41.199999999999996
964,41.199999999999996,80.4,15.4,66.7
965,41.199999999999996,53.7,15.5,28.299999999999997
966,43.9,53.800000000000004,45.0,65.3
967,43.9,33.0,64.4,3.9
968,50.9,43.9,24.5,74.6
969,50.9,80.5,24.6,50.9
970,50.9,80.60000000000001,24.7,65.60000000000001
971,50.9,53.900000000000006,99.5,36.7
972,53.900000000000006,80.7,24.8,33.7
973,45.300000000000004,54.50000000000001,45.300000000000004,23.5
974,45.300000000000004,80.80000000000001,26.3,90.2
975,50.7,80.9,30.5,24.8
976,50.7,53.6,44.5,62.6
977,30.5,50.8,16.1,50.7
978,50.7,97.5,16.2,30.4
979,49.0,97.6,16.3,29.799999999999997
980,49.0,81.5,16.400000000000002,92.4
981,51.0,49.0,100.0,45.300000000000004
982,51.0,51.0,99.9,49.0
983,51.0,51.1,81.10000000000001,83.5
984,51.0,81.6,28.299999999999997,14.2
985,44.6,51.2,44.4,77.0
986,44.6,51.300000000000004,44.6,11.799999999999999
987,44.6,81.69999999999999,28.4,35.0
988,44.6,51.4,28.499999999999996,49.3
989,49.3,81.8,28.599999999999998,9.6
990,49.3,100.0,28.7,77.9
991,49.1,51.5,14.2,84.6
992,51.5,49.1,27.800000000000004,56.10000000000001
993,51.5,32.800000000000004,29.099999999999998,10.7
994,49.1,54.7,27.6,72.89999999999999
995,54.400000000000006,54.400000000000006,14.099999999999998,60.199999999999996
996,54.400000000000006,53.2,14.299999999999999,35.199999999999996
997,35.199999999999996,99.5,28.799999999999997,56.2
998,33.0,99.6,28.9,24.3
999,33.0,47.4,15.7,32.1
1000,33.0,12.6,33.0,61.4
