resid,mean_if,pct_disallowed,n_frames,run_id,run_ts
45,0.0103102911786683,100.0,1,run-20250822-141822,2025-08-22 14:18:22
74,-0.0001393282591711,100.0,1,run-20250822-141822,2025-08-22 14:18:22
73,-0.0126925041058987,100.0,1,run-20250822-141822,2025-08-22 14:18:22
44,-0.0132104117688455,100.0,1,run-20250822-141822,2025-08-22 14:18:22
8,-0.0291742772419768,100.0,1,run-20250822-141822,2025-08-22 14:18:22
33,-0.0310768896678788,100.0,1,run-20250822-141822,2025-08-22 14:18:22
62,-0.0316415483174727,100.0,1,run-20250822-141822,2025-08-22 14:18:22
58,-0.0331539063869764,100.0,1,run-20250822-141822,2025-08-22 14:18:22
6,-0.1191822762454345,100.0,1,run-20250822-141822,2025-08-22 14:18:22
72,-0.0250521997240535,0.0,1,run-20250822-141822,2025-08-22 14:18:22
32,-0.0305626413303208,0.0,1,run-20250822-141822,2025-08-22 14:18:22
29,-0.0711606129194526,0.0,1,run-20250822-141822,2025-08-22 14:18:22
56,-0.07810827834532,0.0,1,run-20250822-141822,2025-08-22 14:18:22
15,-0.082225980148619,0.0,1,run-20250822-141822,2025-08-22 14:18:22
50,-0.0894031470887457,0.0,1,run-20250822-141822,2025-08-22 14:18:22
46,-0.0975584557286917,0.0,1,run-20250822-141822,2025-08-22 14:18:22
19,-0.100030408532278,0.0,1,run-20250822-141822,2025-08-22 14:18:22
31,-0.1134987240188518,0.0,1,run-20250822-141822,2025-08-22 14:18:22
11,-0.1155191347709848,0.0,1,run-20250822-141822,2025-08-22 14:18:22
39,-0.1166589611767758,0.0,1,run-20250822-141822,2025-08-22 14:18:22
43,-0.1206100076437107,0.0,1,run-20250822-141822,2025-08-22 14:18:22
3,-0.1229878707539816,0.0,1,run-20250822-141822,2025-08-22 14:18:22
66,-0.123784925665957,0.0,1,run-20250822-141822,2025-08-22 14:18:22
1,-0.1251587208251285,0.0,1,run-20250822-141822,2025-08-22 14:18:22
59,-0.1251638853984038,0.0,1,run-20250822-141822,2025-08-22 14:18:22
41,-0.135938826747635,0.0,1,run-20250822-141822,2025-08-22 14:18:22
36,-0.1363846835397821,0.0,1,run-20250822-141822,2025-08-22 14:18:22
54,-0.1434547807025223,0.0,1,run-20250822-141822,2025-08-22 14:18:22
10,-0.145492949200799,0.0,1,run-20250822-141822,2025-08-22 14:18:22
57,-0.1456557056089799,0.0,1,run-20250822-141822,2025-08-22 14:18:22
9,-0.146692093302886,0.0,1,run-20250822-141822,2025-08-22 14:18:22
68,-0.148310183375357,0.0,1,run-20250822-141822,2025-08-22 14:18:22
40,-0.1517963207572932,0.0,1,run-20250822-141822,2025-08-22 14:18:22
5,-0.1544211234711274,0.0,1,run-20250822-141822,2025-08-22 14:18:22
23,-0.1550944980413515,0.0,1,run-20250822-141822,2025-08-22 14:18:22
61,-0.1552885234873732,0.0,1,run-20250822-141822,2025-08-22 14:18:22
52,-0.1589231868294403,0.0,1,run-20250822-141822,2025-08-22 14:18:22
13,-0.1613349788918432,0.0,1,run-20250822-141822,2025-08-22 14:18:22
69,-0.1634619350844189,0.0,1,run-20250822-141822,2025-08-22 14:18:22
4,-0.1652889277986149,0.0,1,run-20250822-141822,2025-08-22 14:18:22
34,-0.1660844999182577,0.0,1,run-20250822-141822,2025-08-22 14:18:22
70,-0.1666479175635312,0.0,1,run-20250822-141822,2025-08-22 14:18:22
21,-0.1667493579012965,0.0,1,run-20250822-141822,2025-08-22 14:18:22
63,-0.1697941125949951,0.0,1,run-20250822-141822,2025-08-22 14:18:22
0,-0.1700780847523821,0.0,1,run-20250822-141822,2025-08-22 14:18:22
47,-0.1718193129561241,0.0,1,run-20250822-141822,2025-08-22 14:18:22
16,-0.174044171730912,0.0,1,run-20250822-141822,2025-08-22 14:18:22
14,-0.1760160194234154,0.0,1,run-20250822-141822,2025-08-22 14:18:22
42,-0.1783426545481953,0.0,1,run-20250822-141822,2025-08-22 14:18:22
64,-0.1801153215013663,0.0,1,run-20250822-141822,2025-08-22 14:18:22
17,-0.1806768073302849,0.0,1,run-20250822-141822,2025-08-22 14:18:22
2,-0.1822963542674756,0.0,1,run-20250822-141822,2025-08-22 14:18:22
20,-0.182803642583774,0.0,1,run-20250822-141822,2025-08-22 14:18:22
38,-0.18554401292877,0.0,1,run-20250822-141822,2025-08-22 14:18:22
26,-0.1863253954749251,0.0,1,run-20250822-141822,2025-08-22 14:18:22
53,-0.1883800558692517,0.0,1,run-20250822-141822,2025-08-22 14:18:22
25,-0.1907094765955322,0.0,1,run-20250822-141822,2025-08-22 14:18:22
51,-0.190801911569956,0.0,1,run-20250822-141822,2025-08-22 14:18:22
30,-0.1916204389465812,0.0,1,run-20250822-141822,2025-08-22 14:18:22
18,-0.191946025006658,0.0,1,run-20250822-141822,2025-08-22 14:18:22
35,-0.1922882168291367,0.0,1,run-20250822-141822,2025-08-22 14:18:22
48,-0.1946364376222915,0.0,1,run-20250822-141822,2025-08-22 14:18:22
22,-0.1967190070836553,0.0,1,run-20250822-141822,2025-08-22 14:18:22
55,-0.1971551187810524,0.0,1,run-20250822-141822,2025-08-22 14:18:22
65,-0.1976209316422972,0.0,1,run-20250822-141822,2025-08-22 14:18:22
67,-0.1985769714827479,0.0,1,run-20250822-141822,2025-08-22 14:18:22
27,-0.2000707430326287,0.0,1,run-20250822-141822,2025-08-22 14:18:22
49,-0.2006577820823568,0.0,1,run-20250822-141822,2025-08-22 14:18:22
71,-0.2048361263259835,0.0,1,run-20250822-141822,2025-08-22 14:18:22
7,-0.2049060941217417,0.0,1,run-20250822-141822,2025-08-22 14:18:22
24,-0.2057424642471594,0.0,1,run-20250822-141822,2025-08-22 14:18:22
60,-0.2059658889774377,0.0,1,run-20250822-141822,2025-08-22 14:18:22
37,-0.2061360702794757,0.0,1,run-20250822-141822,2025-08-22 14:18:22
12,-0.2151955357737947,0.0,1,run-20250822-141822,2025-08-22 14:18:22
28,-0.2185553425427967,0.0,1,run-20250822-141822,2025-08-22 14:18:22
62,-0.000155084120701,100.0,1,run-20250822-142929,2025-08-22 14:29:29
74,-0.0010299041046827,100.0,1,run-20250822-142929,2025-08-22 14:29:29
58,-0.0086442642309786,100.0,1,run-20250822-142929,2025-08-22 14:29:29
45,-0.008706559220412,100.0,1,run-20250822-142929,2025-08-22 14:29:29
44,-0.0112713968333603,100.0,1,run-20250822-142929,2025-08-22 14:29:29
33,-0.0283928688892131,100.0,1,run-20250822-142929,2025-08-22 14:29:29
8,-0.0436378549887516,100.0,1,run-20250822-142929,2025-08-22 14:29:29
29,0.0114762249318828,0.0,1,run-20250822-142929,2025-08-22 14:29:29
51,-0.0208336307236667,0.0,1,run-20250822-142929,2025-08-22 14:29:29
1,-0.0227815521938306,0.0,1,run-20250822-142929,2025-08-22 14:29:29
35,-0.0265083048091532,0.0,1,run-20250822-142929,2025-08-22 14:29:29
32,-0.0420163625262114,0.0,1,run-20250822-142929,2025-08-22 14:29:29
46,-0.0547075914330276,0.0,1,run-20250822-142929,2025-08-22 14:29:29
15,-0.0759193267698088,0.0,1,run-20250822-142929,2025-08-22 14:29:29
61,-0.0952039919114454,0.0,1,run-20250822-142929,2025-08-22 14:29:29
71,-0.095244705193406,0.0,1,run-20250822-142929,2025-08-22 14:29:29
43,-0.1024229685487452,0.0,1,run-20250822-142929,2025-08-22 14:29:29
72,-0.1036980209502405,0.0,1,run-20250822-142929,2025-08-22 14:29:29
10,-0.114825310890166,0.0,1,run-20250822-142929,2025-08-22 14:29:29
66,-0.117800781235985,0.0,1,run-20250822-142929,2025-08-22 14:29:29
59,-0.1283034813718181,0.0,1,run-20250822-142929,2025-08-22 14:29:29
63,-0.128734981421716,0.0,1,run-20250822-142929,2025-08-22 14:29:29
0,-0.1300458571508432,0.0,1,run-20250822-142929,2025-08-22 14:29:29
52,-0.130736035825108,0.0,1,run-20250822-142929,2025-08-22 14:29:29
5,-0.1335861435827567,0.0,1,run-20250822-142929,2025-08-22 14:29:29
9,-0.138670332473738,0.0,1,run-20250822-142929,2025-08-22 14:29:29
54,-0.1393410724003432,0.0,1,run-20250822-142929,2025-08-22 14:29:29
68,-0.139835245893086,0.0,1,run-20250822-142929,2025-08-22 14:29:29
31,-0.1398784753988325,0.0,1,run-20250822-142929,2025-08-22 14:29:29
57,-0.1434390244041864,0.0,1,run-20250822-142929,2025-08-22 14:29:29
19,-0.1479109891272135,0.0,1,run-20250822-142929,2025-08-22 14:29:29
41,-0.1490981076472187,0.0,1,run-20250822-142929,2025-08-22 14:29:29
60,-0.1513215863815109,0.0,1,run-20250822-142929,2025-08-22 14:29:29
13,-0.1521250089779353,0.0,1,run-20250822-142929,2025-08-22 14:29:29
28,-0.1525732981860741,0.0,1,run-20250822-142929,2025-08-22 14:29:29
27,-0.1527932130947989,0.0,1,run-20250822-142929,2025-08-22 14:29:29
36,-0.1529748377589257,0.0,1,run-20250822-142929,2025-08-22 14:29:29
2,-0.1532132764036881,0.0,1,run-20250822-142929,2025-08-22 14:29:29
39,-0.1594668590588445,0.0,1,run-20250822-142929,2025-08-22 14:29:29
50,-0.1617257761281793,0.0,1,run-20250822-142929,2025-08-22 14:29:29
67,-0.1640507001341849,0.0,1,run-20250822-142929,2025-08-22 14:29:29
17,-0.1689462018803483,0.0,1,run-20250822-142929,2025-08-22 14:29:29
7,-0.1695628955276275,0.0,1,run-20250822-142929,2025-08-22 14:29:29
21,-0.1716138552866398,0.0,1,run-20250822-142929,2025-08-22 14:29:29
73,-0.1716191610799088,0.0,1,run-20250822-142929,2025-08-22 14:29:29
22,-0.1721473363636966,0.0,1,run-20250822-142929,2025-08-22 14:29:29
6,-0.1730750301738244,0.0,1,run-20250822-142929,2025-08-22 14:29:29
30,-0.1740707994405919,0.0,1,run-20250822-142929,2025-08-22 14:29:29
40,-0.1744352235523823,0.0,1,run-20250822-142929,2025-08-22 14:29:29
25,-0.1773743846573875,0.0,1,run-20250822-142929,2025-08-22 14:29:29
38,-0.1780728964433991,0.0,1,run-20250822-142929,2025-08-22 14:29:29
56,-0.1782585425176424,0.0,1,run-20250822-142929,2025-08-22 14:29:29
47,-0.1788171426449328,0.0,1,run-20250822-142929,2025-08-22 14:29:29
37,-0.1792507210761206,0.0,1,run-20250822-142929,2025-08-22 14:29:29
49,-0.1804394430164192,0.0,1,run-20250822-142929,2025-08-22 14:29:29
70,-0.1844178121644638,0.0,1,run-20250822-142929,2025-08-22 14:29:29
18,-0.1869682880373246,0.0,1,run-20250822-142929,2025-08-22 14:29:29
34,-0.1884473974157914,0.0,1,run-20250822-142929,2025-08-22 14:29:29
42,-0.1900711207971055,0.0,1,run-20250822-142929,2025-08-22 14:29:29
65,-0.1913633367947587,0.0,1,run-20250822-142929,2025-08-22 14:29:29
23,-0.1923384108307914,0.0,1,run-20250822-142929,2025-08-22 14:29:29
24,-0.1927842677265724,0.0,1,run-20250822-142929,2025-08-22 14:29:29
16,-0.1928660312786643,0.0,1,run-20250822-142929,2025-08-22 14:29:29
14,-0.19296175248722,0.0,1,run-20250822-142929,2025-08-22 14:29:29
26,-0.1938421745037638,0.0,1,run-20250822-142929,2025-08-22 14:29:29
55,-0.1945192580525462,0.0,1,run-20250822-142929,2025-08-22 14:29:29
4,-0.1981495442879705,0.0,1,run-20250822-142929,2025-08-22 14:29:29
3,-0.1989939400370954,0.0,1,run-20250822-142929,2025-08-22 14:29:29
69,-0.2000748486011762,0.0,1,run-20250822-142929,2025-08-22 14:29:29
64,-0.2007792815466711,0.0,1,run-20250822-142929,2025-08-22 14:29:29
48,-0.2017466783182594,0.0,1,run-20250822-142929,2025-08-22 14:29:29
20,-0.2025547063677909,0.0,1,run-20250822-142929,2025-08-22 14:29:29
53,-0.2035960205541588,0.0,1,run-20250822-142929,2025-08-22 14:29:29
11,-0.2063391722039931,0.0,1,run-20250822-142929,2025-08-22 14:29:29
12,-0.2126653551207845,0.0,1,run-20250822-142929,2025-08-22 14:29:29
45,0.0103102911786683,100.0,1,run-20250822-142935,2025-08-22 14:29:35
74,-0.0001393282591711,100.0,1,run-20250822-142935,2025-08-22 14:29:35
73,-0.0126925041058987,100.0,1,run-20250822-142935,2025-08-22 14:29:35
44,-0.0132104117688455,100.0,1,run-20250822-142935,2025-08-22 14:29:35
8,-0.0291742772419768,100.0,1,run-20250822-142935,2025-08-22 14:29:35
33,-0.0310768896678788,100.0,1,run-20250822-142935,2025-08-22 14:29:35
62,-0.0316415483174727,100.0,1,run-20250822-142935,2025-08-22 14:29:35
58,-0.0331539063869764,100.0,1,run-20250822-142935,2025-08-22 14:29:35
6,-0.1191822762454345,100.0,1,run-20250822-142935,2025-08-22 14:29:35
72,-0.0250521997240535,0.0,1,run-20250822-142935,2025-08-22 14:29:35
32,-0.0305626413303208,0.0,1,run-20250822-142935,2025-08-22 14:29:35
29,-0.0711606129194526,0.0,1,run-20250822-142935,2025-08-22 14:29:35
56,-0.07810827834532,0.0,1,run-20250822-142935,2025-08-22 14:29:35
15,-0.082225980148619,0.0,1,run-20250822-142935,2025-08-22 14:29:35
50,-0.0894031470887457,0.0,1,run-20250822-142935,2025-08-22 14:29:35
46,-0.0975584557286917,0.0,1,run-20250822-142935,2025-08-22 14:29:35
19,-0.100030408532278,0.0,1,run-20250822-142935,2025-08-22 14:29:35
31,-0.1134987240188518,0.0,1,run-20250822-142935,2025-08-22 14:29:35
11,-0.1155191347709848,0.0,1,run-20250822-142935,2025-08-22 14:29:35
39,-0.1166589611767758,0.0,1,run-20250822-142935,2025-08-22 14:29:35
43,-0.1206100076437107,0.0,1,run-20250822-142935,2025-08-22 14:29:35
3,-0.1229878707539816,0.0,1,run-20250822-142935,2025-08-22 14:29:35
66,-0.123784925665957,0.0,1,run-20250822-142935,2025-08-22 14:29:35
1,-0.1251587208251285,0.0,1,run-20250822-142935,2025-08-22 14:29:35
59,-0.1251638853984038,0.0,1,run-20250822-142935,2025-08-22 14:29:35
41,-0.135938826747635,0.0,1,run-20250822-142935,2025-08-22 14:29:35
36,-0.1363846835397821,0.0,1,run-20250822-142935,2025-08-22 14:29:35
54,-0.1434547807025223,0.0,1,run-20250822-142935,2025-08-22 14:29:35
10,-0.145492949200799,0.0,1,run-20250822-142935,2025-08-22 14:29:35
57,-0.1456557056089799,0.0,1,run-20250822-142935,2025-08-22 14:29:35
9,-0.146692093302886,0.0,1,run-20250822-142935,2025-08-22 14:29:35
68,-0.148310183375357,0.0,1,run-20250822-142935,2025-08-22 14:29:35
40,-0.1517963207572932,0.0,1,run-20250822-142935,2025-08-22 14:29:35
5,-0.1544211234711274,0.0,1,run-20250822-142935,2025-08-22 14:29:35
23,-0.1550944980413515,0.0,1,run-20250822-142935,2025-08-22 14:29:35
61,-0.1552885234873732,0.0,1,run-20250822-142935,2025-08-22 14:29:35
52,-0.1589231868294403,0.0,1,run-20250822-142935,2025-08-22 14:29:35
13,-0.1613349788918432,0.0,1,run-20250822-142935,2025-08-22 14:29:35
69,-0.1634619350844189,0.0,1,run-20250822-142935,2025-08-22 14:29:35
4,-0.1652889277986149,0.0,1,run-20250822-142935,2025-08-22 14:29:35
34,-0.1660844999182577,0.0,1,run-20250822-142935,2025-08-22 14:29:35
70,-0.1666479175635312,0.0,1,run-20250822-142935,2025-08-22 14:29:35
21,-0.1667493579012965,0.0,1,run-20250822-142935,2025-08-22 14:29:35
63,-0.1697941125949951,0.0,1,run-20250822-142935,2025-08-22 14:29:35
0,-0.1700780847523821,0.0,1,run-20250822-142935,2025-08-22 14:29:35
47,-0.1718193129561241,0.0,1,run-20250822-142935,2025-08-22 14:29:35
16,-0.174044171730912,0.0,1,run-20250822-142935,2025-08-22 14:29:35
14,-0.1760160194234154,0.0,1,run-20250822-142935,2025-08-22 14:29:35
42,-0.1783426545481953,0.0,1,run-20250822-142935,2025-08-22 14:29:35
64,-0.1801153215013663,0.0,1,run-20250822-142935,2025-08-22 14:29:35
17,-0.1806768073302849,0.0,1,run-20250822-142935,2025-08-22 14:29:35
2,-0.1822963542674756,0.0,1,run-20250822-142935,2025-08-22 14:29:35
20,-0.182803642583774,0.0,1,run-20250822-142935,2025-08-22 14:29:35
38,-0.18554401292877,0.0,1,run-20250822-142935,2025-08-22 14:29:35
26,-0.1863253954749251,0.0,1,run-20250822-142935,2025-08-22 14:29:35
53,-0.1883800558692517,0.0,1,run-20250822-142935,2025-08-22 14:29:35
25,-0.1907094765955322,0.0,1,run-20250822-142935,2025-08-22 14:29:35
51,-0.190801911569956,0.0,1,run-20250822-142935,2025-08-22 14:29:35
30,-0.1916204389465812,0.0,1,run-20250822-142935,2025-08-22 14:29:35
18,-0.191946025006658,0.0,1,run-20250822-142935,2025-08-22 14:29:35
35,-0.1922882168291367,0.0,1,run-20250822-142935,2025-08-22 14:29:35
48,-0.1946364376222915,0.0,1,run-20250822-142935,2025-08-22 14:29:35
22,-0.1967190070836553,0.0,1,run-20250822-142935,2025-08-22 14:29:35
55,-0.1971551187810524,0.0,1,run-20250822-142935,2025-08-22 14:29:35
65,-0.1976209316422972,0.0,1,run-20250822-142935,2025-08-22 14:29:35
67,-0.1985769714827479,0.0,1,run-20250822-142935,2025-08-22 14:29:35
27,-0.2000707430326287,0.0,1,run-20250822-142935,2025-08-22 14:29:35
49,-0.2006577820823568,0.0,1,run-20250822-142935,2025-08-22 14:29:35
71,-0.2048361263259835,0.0,1,run-20250822-142935,2025-08-22 14:29:35
7,-0.2049060941217417,0.0,1,run-20250822-142935,2025-08-22 14:29:35
24,-0.2057424642471594,0.0,1,run-20250822-142935,2025-08-22 14:29:35
60,-0.2059658889774377,0.0,1,run-20250822-142935,2025-08-22 14:29:35
37,-0.2061360702794757,0.0,1,run-20250822-142935,2025-08-22 14:29:35
12,-0.2151955357737947,0.0,1,run-20250822-142935,2025-08-22 14:29:35
28,-0.2185553425427967,0.0,1,run-20250822-142935,2025-08-22 14:29:35
73,-0.0006110725857091,100.0,1,run-20250822-142944,2025-08-22 14:29:44
74,-0.003369349494358,100.0,1,run-20250822-142944,2025-08-22 14:29:44
33,-0.0358710233839932,100.0,1,run-20250822-142944,2025-08-22 14:29:44
45,-0.0414467399994169,100.0,1,run-20250822-142944,2025-08-22 14:29:44
58,-0.0502792749537208,100.0,1,run-20250822-142944,2025-08-22 14:29:44
8,-0.0507089570163733,100.0,1,run-20250822-142944,2025-08-22 14:29:44
44,-0.0564935468450229,100.0,1,run-20250822-142944,2025-08-22 14:29:44
62,-0.0591488707523358,100.0,1,run-20250822-142944,2025-08-22 14:29:44
2,-0.0750079810907926,100.0,1,run-20250822-142944,2025-08-22 14:29:44
53,-0.11687067684379,100.0,1,run-20250822-142944,2025-08-22 14:29:44
61,-0.1539743835703161,100.0,1,run-20250822-142944,2025-08-22 14:29:44
47,-0.1709743035928655,100.0,1,run-20250822-142944,2025-08-22 14:29:44
72,0.0452193713424751,0.0,1,run-20250822-142944,2025-08-22 14:29:44
32,-0.0634430417111724,0.0,1,run-20250822-142944,2025-08-22 14:29:44
52,-0.065401393948985,0.0,1,run-20250822-142944,2025-08-22 14:29:44
63,-0.0788045040745581,0.0,1,run-20250822-142944,2025-08-22 14:29:44
68,-0.102362495580211,0.0,1,run-20250822-142944,2025-08-22 14:29:44
15,-0.1046517228615269,0.0,1,run-20250822-142944,2025-08-22 14:29:44
46,-0.1077609466748301,0.0,1,run-20250822-142944,2025-08-22 14:29:44
60,-0.1148238996554721,0.0,1,run-20250822-142944,2025-08-22 14:29:44
25,-0.1156481469838531,0.0,1,run-20250822-142944,2025-08-22 14:29:44
1,-0.1236602154343955,0.0,1,run-20250822-142944,2025-08-22 14:29:44
59,-0.1284779703785176,0.0,1,run-20250822-142944,2025-08-22 14:29:44
9,-0.1317716124211526,0.0,1,run-20250822-142944,2025-08-22 14:29:44
28,-0.1323192359086128,0.0,1,run-20250822-142944,2025-08-22 14:29:44
64,-0.1346758297703491,0.0,1,run-20250822-142944,2025-08-22 14:29:44
50,-0.1353565256344951,0.0,1,run-20250822-142944,2025-08-22 14:29:44
43,-0.1355716652218184,0.0,1,run-20250822-142944,2025-08-22 14:29:44
27,-0.1510818114733994,0.0,1,run-20250822-142944,2025-08-22 14:29:44
57,-0.153144540927027,0.0,1,run-20250822-142944,2025-08-22 14:29:44
17,-0.1606121183537485,0.0,1,run-20250822-142944,2025-08-22 14:29:44
38,-0.1660351729391496,0.0,1,run-20250822-142944,2025-08-22 14:29:44
70,-0.1678576307240997,0.0,1,run-20250822-142944,2025-08-22 14:29:44
71,-0.1679303733387715,0.0,1,run-20250822-142944,2025-08-22 14:29:44
5,-0.1706057961674971,0.0,1,run-20250822-142944,2025-08-22 14:29:44
10,-0.1725018511081714,0.0,1,run-20250822-142944,2025-08-22 14:29:44
19,-0.1732362397694555,0.0,1,run-20250822-142944,2025-08-22 14:29:44
12,-0.1738205977880543,0.0,1,run-20250822-142944,2025-08-22 14:29:44
67,-0.1753075211191727,0.0,1,run-20250822-142944,2025-08-22 14:29:44
54,-0.1756748292779413,0.0,1,run-20250822-142944,2025-08-22 14:29:44
16,-0.176193996449137,0.0,1,run-20250822-142944,2025-08-22 14:29:44
6,-0.1775463177815791,0.0,1,run-20250822-142944,2025-08-22 14:29:44
34,-0.1777316228137756,0.0,1,run-20250822-142944,2025-08-22 14:29:44
39,-0.1778839629015436,0.0,1,run-20250822-142944,2025-08-22 14:29:44
31,-0.1801342734227817,0.0,1,run-20250822-142944,2025-08-22 14:29:44
13,-0.1805682765190744,0.0,1,run-20250822-142944,2025-08-22 14:29:44
3,-0.1807972749282381,0.0,1,run-20250822-142944,2025-08-22 14:29:44
49,-0.1830372315665799,0.0,1,run-20250822-142944,2025-08-22 14:29:44
42,-0.1844092179687648,0.0,1,run-20250822-142944,2025-08-22 14:29:44
4,-0.1861732620878318,0.0,1,run-20250822-142944,2025-08-22 14:29:44
40,-0.1916088826158088,0.0,1,run-20250822-142944,2025-08-22 14:29:44
69,-0.1917954765337588,0.0,1,run-20250822-142944,2025-08-22 14:29:44
65,-0.1920609997038018,0.0,1,run-20250822-142944,2025-08-22 14:29:44
48,-0.1933216042380009,0.0,1,run-20250822-142944,2025-08-22 14:29:44
51,-0.1938910731310329,0.0,1,run-20250822-142944,2025-08-22 14:29:44
20,-0.1946016762219256,0.0,1,run-20250822-142944,2025-08-22 14:29:44
21,-0.1959181520893629,0.0,1,run-20250822-142944,2025-08-22 14:29:44
23,-0.1960073305940196,0.0,1,run-20250822-142944,2025-08-22 14:29:44
55,-0.1977617640573389,0.0,1,run-20250822-142944,2025-08-22 14:29:44
11,-0.1979747564875883,0.0,1,run-20250822-142944,2025-08-22 14:29:44
36,-0.1986244373326244,0.0,1,run-20250822-142944,2025-08-22 14:29:44
35,-0.20073401683987,0.0,1,run-20250822-142944,2025-08-22 14:29:44
24,-0.202731408380909,0.0,1,run-20250822-142944,2025-08-22 14:29:44
37,-0.2044813118294541,0.0,1,run-20250822-142944,2025-08-22 14:29:44
30,-0.2051633534089283,0.0,1,run-20250822-142944,2025-08-22 14:29:44
41,-0.2055342220382447,0.0,1,run-20250822-142944,2025-08-22 14:29:44
18,-0.2059194259798286,0.0,1,run-20250822-142944,2025-08-22 14:29:44
7,-0.207568555845217,0.0,1,run-20250822-142944,2025-08-22 14:29:44
26,-0.2130790900498257,0.0,1,run-20250822-142944,2025-08-22 14:29:44
0,-0.2139928774982156,0.0,1,run-20250822-142944,2025-08-22 14:29:44
29,-0.215257241795517,0.0,1,run-20250822-142944,2025-08-22 14:29:44
14,-0.2162156802466477,0.0,1,run-20250822-142944,2025-08-22 14:29:44
22,-0.2177760083356639,0.0,1,run-20250822-142944,2025-08-22 14:29:44
56,-0.2191274841209333,0.0,1,run-20250822-142944,2025-08-22 14:29:44
66,-0.2214028688203107,0.0,1,run-20250822-142944,2025-08-22 14:29:44
74,0.0107744024605449,100.0,1,run-20250822-142951,2025-08-22 14:29:51
58,-0.0001456000332505,100.0,1,run-20250822-142951,2025-08-22 14:29:51
44,-0.0091889352101798,100.0,1,run-20250822-142951,2025-08-22 14:29:51
45,-0.0175417948816277,100.0,1,run-20250822-142951,2025-08-22 14:29:51
62,-0.0320326302855863,100.0,1,run-20250822-142951,2025-08-22 14:29:51
8,-0.0332838376731849,100.0,1,run-20250822-142951,2025-08-22 14:29:51
33,-0.0364583254928961,100.0,1,run-20250822-142951,2025-08-22 14:29:51
73,-0.0465071240146746,100.0,1,run-20250822-142951,2025-08-22 14:29:51
68,-0.0969022728523401,100.0,1,run-20250822-142951,2025-08-22 14:29:51
32,-0.0440113273943577,0.0,1,run-20250822-142951,2025-08-22 14:29:51
30,-0.0445978289986943,0.0,1,run-20250822-142951,2025-08-22 14:29:51
31,-0.0500442195489869,0.0,1,run-20250822-142951,2025-08-22 14:29:51
59,-0.0847803842282002,0.0,1,run-20250822-142951,2025-08-22 14:29:51
61,-0.0892960965124578,0.0,1,run-20250822-142951,2025-08-22 14:29:51
41,-0.0899946347573114,0.0,1,run-20250822-142951,2025-08-22 14:29:51
64,-0.0989614662695815,0.0,1,run-20250822-142951,2025-08-22 14:29:51
16,-0.1058348593740855,0.0,1,run-20250822-142951,2025-08-22 14:29:51
50,-0.1171639240485818,0.0,1,run-20250822-142951,2025-08-22 14:29:51
15,-0.1230687477628469,0.0,1,run-20250822-142951,2025-08-22 14:29:51
11,-0.1244042254700147,0.0,1,run-20250822-142951,2025-08-22 14:29:51
52,-0.1280305176809512,0.0,1,run-20250822-142951,2025-08-22 14:29:51
72,-0.1387580335315847,0.0,1,run-20250822-142951,2025-08-22 14:29:51
13,-0.1454157191513077,0.0,1,run-20250822-142951,2025-08-22 14:29:51
60,-0.1473808246379877,0.0,1,run-20250822-142951,2025-08-22 14:29:51
18,-0.1474653438292331,0.0,1,run-20250822-142951,2025-08-22 14:29:51
43,-0.1477348718660804,0.0,1,run-20250822-142951,2025-08-22 14:29:51
34,-0.1497260752640432,0.0,1,run-20250822-142951,2025-08-22 14:29:51
6,-0.1622266678851979,0.0,1,run-20250822-142951,2025-08-22 14:29:51
3,-0.1626411477403382,0.0,1,run-20250822-142951,2025-08-22 14:29:51
1,-0.1639865237819886,0.0,1,run-20250822-142951,2025-08-22 14:29:51
63,-0.1654309202617314,0.0,1,run-20250822-142951,2025-08-22 14:29:51
46,-0.1699804640382402,0.0,1,run-20250822-142951,2025-08-22 14:29:51
35,-0.1709512097195736,0.0,1,run-20250822-142951,2025-08-22 14:29:51
38,-0.1762907633578594,0.0,1,run-20250822-142951,2025-08-22 14:29:51
14,-0.1800671548465915,0.0,1,run-20250822-142951,2025-08-22 14:29:51
26,-0.1861158392513497,0.0,1,run-20250822-142951,2025-08-22 14:29:51
54,-0.1866759117213102,0.0,1,run-20250822-142951,2025-08-22 14:29:51
36,-0.1895718655844492,0.0,1,run-20250822-142951,2025-08-22 14:29:51
40,-0.1898103905950052,0.0,1,run-20250822-142951,2025-08-22 14:29:51
57,-0.1915375140045866,0.0,1,run-20250822-142951,2025-08-22 14:29:51
25,-0.1917826045675661,0.0,1,run-20250822-142951,2025-08-22 14:29:51
19,-0.194037598649806,0.0,1,run-20250822-142951,2025-08-22 14:29:51
53,-0.1952560956065788,0.0,1,run-20250822-142951,2025-08-22 14:29:51
55,-0.1961891231282257,0.0,1,run-20250822-142951,2025-08-22 14:29:51
7,-0.196201298310178,0.0,1,run-20250822-142951,2025-08-22 14:29:51
12,-0.1964493382597888,0.0,1,run-20250822-142951,2025-08-22 14:29:51
39,-0.198736743988662,0.0,1,run-20250822-142951,2025-08-22 14:29:51
42,-0.20497519919154,0.0,1,run-20250822-142951,2025-08-22 14:29:51
70,-0.2063199616146835,0.0,1,run-20250822-142951,2025-08-22 14:29:51
21,-0.2072514785611337,0.0,1,run-20250822-142951,2025-08-22 14:29:51
56,-0.2088385585863398,0.0,1,run-20250822-142951,2025-08-22 14:29:51
49,-0.2088414387234298,0.0,1,run-20250822-142951,2025-08-22 14:29:51
67,-0.2094949164944343,0.0,1,run-20250822-142951,2025-08-22 14:29:51
48,-0.2095001791067292,0.0,1,run-20250822-142951,2025-08-22 14:29:51
51,-0.2100889353990301,0.0,1,run-20250822-142951,2025-08-22 14:29:51
20,-0.2110508054102888,0.0,1,run-20250822-142951,2025-08-22 14:29:51
65,-0.2115380962750854,0.0,1,run-20250822-142951,2025-08-22 14:29:51
5,-0.2116105258882875,0.0,1,run-20250822-142951,2025-08-22 14:29:51
9,-0.2118986788119753,0.0,1,run-20250822-142951,2025-08-22 14:29:51
0,-0.2123478300675322,0.0,1,run-20250822-142951,2025-08-22 14:29:51
17,-0.212370884731549,0.0,1,run-20250822-142951,2025-08-22 14:29:51
28,-0.2125719557205811,0.0,1,run-20250822-142951,2025-08-22 14:29:51
71,-0.2135195011297813,0.0,1,run-20250822-142951,2025-08-22 14:29:51
22,-0.2135979995275226,0.0,1,run-20250822-142951,2025-08-22 14:29:51
37,-0.2145687313544149,0.0,1,run-20250822-142951,2025-08-22 14:29:51
69,-0.215219808656585,0.0,1,run-20250822-142951,2025-08-22 14:29:51
27,-0.2155978477975828,0.0,1,run-20250822-142951,2025-08-22 14:29:51
10,-0.215713840169308,0.0,1,run-20250822-142951,2025-08-22 14:29:51
66,-0.2168021887881541,0.0,1,run-20250822-142951,2025-08-22 14:29:51
29,-0.2176841343524342,0.0,1,run-20250822-142951,2025-08-22 14:29:51
24,-0.2178066160752231,0.0,1,run-20250822-142951,2025-08-22 14:29:51
2,-0.2178185182668445,0.0,1,run-20250822-142951,2025-08-22 14:29:51
23,-0.2183530351118952,0.0,1,run-20250822-142951,2025-08-22 14:29:51
4,-0.2201936534026525,0.0,1,run-20250822-142951,2025-08-22 14:29:51
47,-0.2234567200938707,0.0,1,run-20250822-142951,2025-08-22 14:29:51
